order_id,user_id,items,total_price,date
C8A21812-959B-418E-8963-7593256CFCA4,A2F53BF5-74F4-4577-80A9-95A7CFE4F335,Ibuprofen, Plavix,67.47,2025-02-27
E27E49C2-BE64-4604-B296-13EC9B2A4C55,79914F94-10AC-4D20-9F67-34615AC18046,Plavix, Furosemide, Aspirin, Metformin, Amoxicillin,96.16,2025-07-02
8DF20B08-86DE-4DFC-BE2E-29AD23657CB0,F07C105C-E5A0-4541-95E3-6847AAD21FCA,Metformin,58.64,2025-06-06
70A49E4A-C8D4-4ACF-BCE5-C4F363C940C6,FF4AD381-83D6-422F-A535-93089F822224,Metformin, Plavix, Atorvastatin,16.56,2025-06-01
D7F6CA95-1B86-4601-8AD0-FDED56C56B53,FB23C1C8-10E6-4DD8-BA81-E5A03EB0C74C,Amoxicillin,44.46,2024-09-15
FD2735BE-379A-481E-B333-EBEC89769C20,68BB4402-5633-47FA-9A71-2DB3B92DBFDE,Furosemide, Ibuprofen, Plavix, Amoxicillin,61.53,2024-06-30
48FB5C2B-002F-48C4-BCEB-61044FE16E7B,B3CB0202-E438-46E9-B7D4-80CB7F7B8639,Aspirin, Metformin,40.35,2024-06-13
51F326A8-C027-4BA5-9109-056B8B94F755,B116B62D-CF1C-4E0D-BCA0-37A4FF058EBB,Metformin, Aspirin, Plavix,65.6,2024-02-10
4E16D3CB-D231-4BD2-B5FE-3FF2A7429F5D,9B8C9C61-7ED6-4477-A3D1-EAAB951AF8BB,Metformin, Plavix, Aspirin,45.72,2025-11-15
E23835F9-8BCE-413E-B669-C8E7A7D8B7DD,CCA90B04-4F12-4E63-B272-38B9FFBDCAF0,Ibuprofen, Aspirin, Atorvastatin, Amoxicillin, Furosemide,71.92,2025-12-31
D7EE03E2-20C1-4727-9E69-DDD0A810F163,07519E4D-C77E-4BB4-90AE-62E4C790E888,Amoxicillin, Metformin,64.91,2024-07-05
A40F966B-76EE-4E0D-B8E0-519DF116ECB5,9676BBA1-9171-494C-9A12-CEE9BCE23596,Atorvastatin, Aspirin, Amoxicillin,68.54,2025-05-28
5413766F-D0A5-4BD2-AB0F-5FFB935145B0,6B53CB09-E493-4037-A0D5-86F2DFBC21A7,Atorvastatin, Furosemide,83.27,2024-07-19
9D90F744-9AF2-4C3A-8A81-5FE6B5C531A2,4F3236A6-256E-40BB-A21A-44ABDD2E851B,Ibuprofen, Plavix,58.96,2024-02-07
D400A968-F3C4-4774-AB92-2A6DEC0F9DB5,75EBB40E-A103-4D10-A0B4-F717F8A435EA,Amoxicillin, Aspirin,37.7,2024-12-17
FFC24AF5-E02E-47BE-8D3E-380643498AA2,20D4AF57-F0D2-4C9C-B24A-EEC3B316FD67,Metformin, Furosemide, Plavix, Atorvastatin,95.82,2025-02-25
740F2B82-B10C-46CB-86B4-96C6681292C3,C8BBF6F0-324C-412B-80EF-10021BAF1367,Furosemide, Aspirin, Atorvastatin,18.07,2025-01-27
67124577-A3C5-4C49-9AF4-CB81746B0739,E5820E95-3A93-4654-8AD6-751C0433DED1,Aspirin, Atorvastatin, Ibuprofen, Amoxicillin, Metformin,66.91,2025-03-06
6BB948FD-6227-4FD4-90F9-46A77D66C403,478B7A10-84D5-47B4-A2D7-DC6C9C400434,Ibuprofen, Amoxicillin, Metformin, Atorvastatin,28.56,2024-09-11
859163C1-D3E7-4F47-B86B-4DBA33B1516A,E81DBECE-B283-4AE9-B3E0-A4AC7045407D,Ibuprofen,16.21,2025-02-27
DAFE6515-EF59-4354-83DD-0E967D5A0701,F495E93C-1896-4D15-8593-AE42B726D871,Ibuprofen,33.59,2025-10-28
1F507E80-8843-4C7E-9A51-2C23F76C1C18,BDF8595D-F7B3-4078-AD72-F797523AEB53,Ibuprofen, Metformin, Atorvastatin,14.5,2025-12-05
902C4656-9C8A-41B1-AC27-8F981310A304,5D28BA4F-4044-4B3F-8A12-53F904087D44,Atorvastatin, Amoxicillin, Metformin, Aspirin,53.76,2025-11-06
C0D08E06-33E2-48D9-8643-0591A3C95126,64440E3A-F078-480F-A689-D94EA2739973,Plavix, Atorvastatin,77.85,2024-08-04
F49DDE31-218E-492B-AB59-801F248B6648,4F31D131-E0FF-4F5D-8A15-B9369B1E3E1F,Metformin, Aspirin, Atorvastatin,99.93,2025-08-13
54E1B982-07B6-4CEC-8AF3-2F10B6308AAE,34AA2370-1843-4A80-93CB-E3922C5B0007,Furosemide, Plavix,52.85,2024-12-17
3271D21A-5AA6-424A-B6C2-637E0DE10A8C,F9BF94FB-1C26-45C7-8EC1-A69F80394B46,Plavix, Aspirin, Atorvastatin, Amoxicillin,38.84,2024-12-02
ECE6EC67-D21A-4BE4-9FA6-32FE8A8306C2,B2C15BC2-E85F-48DB-AA09-4776D710C993,Furosemide, Amoxicillin,77.48,2025-11-06
FA742EF2-925D-4CBC-B56B-A30290B03B6B,A6882047-08FF-4E28-8EB7-A4BFE9A725EA,Atorvastatin, Ibuprofen,73.93,2024-09-28
C44D98D7-B276-4995-B442-03580CD15788,34C540A6-F2DC-4ECB-9A44-3DB7B08CDBE0,Ibuprofen,10.16,2024-05-11
A84D5AB8-F968-4A2D-9AA0-B3B67D12EABB,CE0E9FD1-333B-4B4A-A911-30509E5526B2,Ibuprofen, Amoxicillin,34.37,2024-09-24
16FF0954-C244-4C96-98C1-757C3BA32F7F,5BF8F7C3-F656-4D6B-ABBE-7ACF5E999A6E,Furosemide, Atorvastatin,30.85,2025-03-07
441CB819-E31E-4200-A63D-03DCE6BFFA73,D0465065-DDD9-4DAC-8CA6-B4249B10DEA3,Plavix,4.36,2024-11-13
5D2A01AE-A875-42FD-8D76-D91B7AAEAD50,6F495A19-BB5A-4CC2-87C1-164244D511EA,Atorvastatin, Plavix, Aspirin, Amoxicillin, Furosemide,88.9,2025-12-17
49C726B2-2E23-4018-9A67-D53326B531D6,0E7B072D-064A-42D8-82D8-258EB88E9E56,Atorvastatin,25.52,2025-09-25
ACEA8C0C-EF01-42EF-888C-A494AE23831E,E5B84A39-4090-4DA5-9D60-389747A525E3,Furosemide, Amoxicillin,38.65,2024-08-31
2CA3E46F-9977-452A-8A21-90356789355A,3AB2BF0D-207C-4F3C-9C3B-F05421812D1A,Amoxicillin, Ibuprofen, Aspirin, Plavix,86.68,2024-08-05
B15CE0AC-2D29-4432-869D-2871BC569C08,F5227C00-505D-48EB-B83C-111DD8FDBBCB,Metformin, Plavix, Furosemide, Amoxicillin, Atorvastatin,44.74,2024-03-14
D924E422-DA40-4A7C-B294-007F3CEE7960,869E626A-6E1F-42CE-BBA8-911F8F0DD191,Aspirin,92.75,2025-10-27
06CFDF1E-1E09-4ADF-A9F6-EDF413502592,36405108-FEB3-45EB-854D-E3882E79A448,Furosemide, Aspirin, Ibuprofen, Plavix,74.19,2024-01-06
D402A8C0-0DF6-4B34-992A-A51FEDD76326,ED48AACC-13AB-49B6-8261-711377F2B7DD,Furosemide,35.57,2024-02-14
7A9AA3E9-DBCD-493A-AB04-CE309B09E761,DE714215-CCD4-4EA8-A724-9612868A12A3,Amoxicillin, Plavix, Ibuprofen,73.6,2025-08-11
2A4E6A56-1A6C-4066-AE19-00A82D2F1375,35277CD5-0630-4F4F-8DFB-2159D71CDE64,Furosemide,13.54,2024-02-29
046B3F48-2E5B-48FF-81BF-BFD22E8D8C7F,6AD44790-B5B2-46A3-8791-7966E60B0057,Ibuprofen, Amoxicillin, Plavix,8.98,2025-04-05
4F3A66B3-4D5D-4EC6-B0A6-643BDE32C814,8E7F8A6C-2212-4C52-A959-CB175367F3BB,Ibuprofen, Aspirin, Metformin, Amoxicillin,49.54,2024-11-14
0E23596B-491E-40A6-A8D9-181274867C07,E255DFC0-B5FC-486A-9E38-4D9B117B891E,Atorvastatin, Ibuprofen, Metformin,50.05,2024-03-23
B11D5C4B-4E5F-43BC-902F-D8FAEA687DE3,15A2F1D1-B09C-42D2-902B-CD328CDFCC78,Aspirin,24.81,2024-01-16
382ADCFB-8C9A-4513-86B3-98A1D38023DA,4114FF1E-DB00-4A73-BCA2-4823F16F5043,Amoxicillin, Furosemide,57.28,2024-10-07
69785EDC-202A-4013-B0BC-A0B68E595046,E20A2086-4FDA-4EA2-B349-23874AC71C06,Furosemide, Metformin,97.17,2025-04-14
C7D6D94C-715E-4244-82F2-688074FDC767,2244B1F9-3E93-42E3-B39F-EEC489D15331,Metformin, Amoxicillin, Atorvastatin,5.48,2025-07-29
AB8A006D-6118-4161-8C53-194EEE469A18,D4F390DD-5DF6-4C6D-9C6D-B49491BAC74F,Amoxicillin, Furosemide, Ibuprofen, Aspirin,17.25,2025-09-06
27CE6490-CE93-4E80-93AA-D508C87562AB,37A60159-8459-4EAC-AA5C-27C96BE32C26,Amoxicillin, Metformin,4.56,2024-04-04
0402792F-5F16-4651-85FF-C6A4EE50FDDA,071F7235-89B2-4628-BCAD-DB8B4E98E38A,Amoxicillin, Metformin, Furosemide,84.92,2025-11-04
F8FD8FB5-D5E1-446F-AB50-7D9F21A0AB0C,00427327-50EB-4A68-B4A1-6F6E93D667B1,Amoxicillin, Aspirin, Ibuprofen, Metformin,37.1,2025-04-18
58A3F9BF-CAE3-41EA-95A0-68F22E6B8897,CC506F09-6D1D-43AE-99C4-B8151AAEE67C,Aspirin, Atorvastatin,61.09,2024-06-18
66EBA4E3-B23B-474A-9499-02F22E2A2CB1,5F065EBD-93FA-41FD-AB4F-56DD8A9E0233,Plavix, Aspirin,80.14,2025-04-03
60FD537D-5512-439B-95F1-14D7C75C94E6,F226D574-993D-4750-82F5-42AE61A5CB44,Ibuprofen, Aspirin,77.92,2025-07-31
F4BA3FC6-0652-4E33-8B27-CFB980FE9DB1,17E5BBA5-AEB9-40CB-9BFD-9EBF59A892D3,Aspirin, Ibuprofen,92.2,2024-02-18
439A3EF8-7E6A-489F-8607-47BE6A0DF7CF,6FE309B5-4450-4B74-8EA4-AB0F4AA8CFA6,Plavix, Metformin, Furosemide,10.28,2025-01-21
D2EC40A7-12FB-44D7-A068-ECBDF6D691EF,8EAAF6F4-FBC2-4F8B-8B5D-F61B3894EA76,Atorvastatin,25.96,2024-12-18
0D52351E-EAA0-4828-9C31-F164544ABACF,2F3A82AB-6FF3-456B-B6D7-61899D4E64E8,Amoxicillin, Ibuprofen, Aspirin, Furosemide,1.53,2025-07-01
F06B2C65-E148-4951-997C-B340610C3376,AFBAD775-278F-4D93-8C49-052CA42845E7,Furosemide, Amoxicillin, Metformin, Atorvastatin, Ibuprofen,45.0,2024-05-28
3CCF485C-99CA-4AA9-BEE7-A6C5A37F8A89,517FEA75-857A-4C17-9A58-DD13807FF202,Ibuprofen, Metformin, Aspirin,83.05,2024-01-16
1B4FA7AB-75A6-407B-B4EB-7B2596AAF4C0,53F13C14-D405-4447-8D3F-B165AAE6874E,Furosemide,26.39,2024-01-25
3EEFB93F-118E-46B3-962C-B95E3F697C8A,C2FE59FA-2FB9-44BC-85F6-67F43237ED0E,Aspirin, Metformin, Atorvastatin, Furosemide, Plavix,23.87,2025-04-28
D1472470-E57E-4F3B-8773-CDEB0148E4F9,322C17C3-362B-4A6C-AECF-3E4ED11A9F7F,Atorvastatin, Aspirin, Plavix,14.1,2025-01-02
762DC9B8-B5D5-455F-A656-BF9C0E0FE413,7A827B98-1429-469D-AC3C-677311A80163,Amoxicillin, Metformin, Aspirin, Plavix, Furosemide,12.82,2024-07-06
0BA1C372-2127-48B6-BCF9-B49AF78E02CC,7C8CF1F7-067A-411D-A951-C6D4560E28A6,Plavix, Atorvastatin,4.28,2025-10-13
25CF6540-98EC-4C04-BA4F-F61AAB5B9B85,903A5773-4325-4BE6-95A3-F2A6890BF542,Furosemide, Plavix, Amoxicillin,13.13,2025-05-15
4145C8CF-3511-47C1-B1C7-4AE0D27DF3DE,224FCF64-E3C2-4EB5-B891-F37D04524CD8,Atorvastatin, Furosemide,50.37,2024-01-16
2BD23EDF-06B9-47A7-8592-206330D9B156,A7E2829C-647F-4A49-BCAD-9DAA7CDCCB05,Metformin,75.94,2025-06-09
25F69B3E-A90C-4CE0-B948-BC2FB4688B33,693FFC01-0315-4CF5-AE79-D71A7BE5A71B,Metformin,26.38,2024-10-19
9166C125-5F25-436B-AB7F-2B66EDC30514,4CB130F0-D2DA-4ED4-995D-AF9CF1C36834,Atorvastatin,73.09,2025-01-26
8F3B88AD-8013-4BA0-9517-3BC3DC3F1979,AF27BD4D-ACAD-4094-8A2F-B4E08F3F89AD,Aspirin, Atorvastatin, Amoxicillin, Metformin, Ibuprofen,66.01,2024-07-31
A11A4B29-CB80-4440-A60B-023BEBEF7FE8,AD5024F1-C0C7-421B-8295-88676B73A1C7,Ibuprofen, Plavix,99.3,2024-04-21
4787AF0F-8B60-4D0C-8322-085B95EBA61A,EAE958A3-6FCD-4AEE-B4FF-0D081A6A938C,Atorvastatin, Furosemide, Ibuprofen, Amoxicillin,53.36,2024-09-27
7891DCDB-C6E6-44AF-8A92-9866CF31CE0B,08D60912-5E17-4F35-A916-F3B4CA07B9C8,Amoxicillin,68.43,2025-06-25
9A38808E-836C-43DA-9595-3A60AFB8CAD2,EA7AA288-5F01-4CCA-9CD0-0741E9EB8BF3,Ibuprofen, Atorvastatin, Metformin,73.63,2025-10-13
21825C00-2824-4757-B5A6-8FDE301652E7,550E1E08-33BF-4024-9529-076894CA2DCF,Amoxicillin, Atorvastatin, Aspirin,80.0,2025-08-07
DA91DCAB-20B1-4D0E-AC7D-230230518890,8970DE62-70CA-42F4-B7FD-EBFA8386DDAA,Aspirin, Plavix, Furosemide, Ibuprofen, Amoxicillin,93.26,2025-09-17
E2201E8B-849C-407D-AD42-C59CA3F0BEDA,B027ED8C-844B-41CB-9031-EA792EA72FF1,Ibuprofen, Plavix, Atorvastatin, Furosemide, Metformin,31.61,2024-06-18
49A8BA5C-0871-4EDE-8A0E-D715388DE214,655A3E45-A000-4464-AB58-65DFDA28299B,Aspirin, Atorvastatin, Metformin, Plavix, Furosemide,85.17,2024-12-09
CA68A5CA-7A0F-45BE-8A5C-D21568D22533,4C5E7EB0-AB46-4BF9-B41E-42E123F4F674,Furosemide, Metformin, Ibuprofen, Amoxicillin, Atorvastatin,40.99,2025-09-09
1BFCB770-512F-44E8-B89A-2177616088FB,AEE5DDD1-01D3-436B-A7DF-7D4A420E53B5,Metformin, Atorvastatin, Furosemide, Ibuprofen,67.01,2024-08-15
063765FA-0F70-4A57-AFF4-02DF87DC0153,A3786F4D-0747-43FD-99F4-A8C0D0396299,Furosemide, Atorvastatin, Ibuprofen,7.02,2025-12-01
E3835D55-81D8-4405-A2E6-6A537ED01F10,3ADA42F3-C45D-4D73-BE68-23BC7C386E85,Ibuprofen, Plavix, Furosemide,49.74,2024-08-27
F93AB2D5-64FC-4E34-A2F2-78EFADA09945,2E0B2759-119B-4E5E-B054-684B40E5919B,Amoxicillin, Furosemide, Metformin, Ibuprofen, Atorvastatin,40.45,2024-12-17
C1B753DD-0466-41A3-AA9E-ABF99CEBD238,A4D16A35-98D7-4B16-8FD8-E699CBC8BE7D,Plavix, Amoxicillin,75.17,2025-11-23
E0C0982C-9847-42A7-9EA7-BE8A3A032DB1,13654E06-C287-4835-9263-CBCE2CA9C601,Furosemide, Metformin, Ibuprofen, Amoxicillin, Atorvastatin,44.21,2024-06-06
4AA6389F-68FE-445A-B031-A9FA9EBB3266,A37FE392-8F93-4BCB-B81E-8B9B170F3D8A,Atorvastatin, Ibuprofen, Furosemide, Amoxicillin,63.79,2024-12-06
C8379C9F-E813-4717-809B-E77DBB555D8F,C5C7FA65-8387-4B00-A9A1-565A58EFBFD7,Amoxicillin, Atorvastatin, Aspirin,85.39,2025-01-23
696B65C3-B600-44F1-85B3-7AA33E4648D6,E90EBA6B-E918-4C96-8A84-8139F1A1BBB8,Plavix, Atorvastatin, Metformin, Aspirin, Ibuprofen,19.74,2024-02-09
AB95708D-2D41-4336-AAAE-DD04D85356EC,41C33F30-A1E2-46B6-B6A8-F8ED4CF7F903,Atorvastatin, Aspirin,39.65,2024-02-21
B9EC1150-1101-4DD2-A86E-D80BCA8EB7BF,396A6625-6895-4F56-999F-79BD023FDE61,Furosemide, Amoxicillin,45.13,2024-02-27
D751C94E-170E-4125-AC82-AA3AF717D5D1,BEC5F4AB-2AD4-4111-B6D3-4293F7873782,Amoxicillin, Plavix,47.57,2024-12-16
8149162B-5028-48CC-90C1-83EB774F873B,EA10E81C-A548-418F-BF06-3B92FB27882D,Aspirin, Furosemide, Amoxicillin,83.36,2024-05-20
355236AD-4452-4425-9415-332DE5CC3B40,895B6A21-37D5-4F20-841E-F22507201E4A,Aspirin, Furosemide, Ibuprofen, Atorvastatin,80.15,2025-01-26
6576AF06-A982-4954-ABCD-9053898C9B94,D83C0B74-FF8D-4AC9-B44B-F68E106D7740,Ibuprofen,2.99,2025-06-11
F38933CD-1B71-4D32-93AB-3361164C310B,A2B66604-ADB6-41FA-88B2-6341E619798E,Ibuprofen, Atorvastatin, Metformin, Plavix,72.58,2025-11-07
2717C751-FF36-4730-A928-14587F060371,D71D353A-B8F6-4D3E-8F7F-8391468E93A4,Ibuprofen, Amoxicillin, Metformin, Aspirin,6.8,2024-10-15
F70EC14F-A44A-4FE7-9D6A-E85A3FA07F26,2D67D022-FAA2-4E00-AC7E-132661824652,Atorvastatin,69.62,2025-10-28
062E616C-BBF3-40F0-B9A3-BD97095A3B28,75D47A94-3201-4FC6-AF79-87C18F890D6D,Plavix, Furosemide,69.79,2024-08-23
94DCA800-8563-48E3-B35B-52DF6FB6D9A4,916FE4C7-CBAE-42F4-9C19-49B86E424D78,Amoxicillin, Furosemide, Atorvastatin,87.95,2024-03-06
B9321F70-03B7-46C6-824A-77791481860C,AF260499-D4F8-4AE0-B0DE-D06BF18C4C70,Furosemide, Plavix,3.93,2025-05-06
9B808397-B9CE-413A-9A6F-B13C7A84E4AF,7D99FE56-4596-48FB-A6F0-550BAB1A938B,Ibuprofen, Amoxicillin, Metformin, Atorvastatin,91.02,2025-07-23
83D044E7-2E3C-4642-9EAA-7EA8502C506F,774FAA90-0A01-4DE7-A528-AD0F2A243676,Plavix, Aspirin, Atorvastatin,73.68,2025-11-29
1FA4957A-BD10-4335-9665-F87B84B70493,D30BCD6C-E04D-448C-8087-8FD8843630EF,Plavix, Atorvastatin, Metformin,76.01,2025-02-07
F5C37990-B5FD-4F82-93BF-EB22FED11CD1,8450DEB1-FF62-4F78-9970-2109A6933080,Amoxicillin, Atorvastatin, Ibuprofen, Plavix,18.83,2024-10-10
197D0434-A8A8-4924-9114-25CB7C22D51F,5EC25089-737E-4901-91BE-572C3BD47926,Aspirin, Plavix, Ibuprofen,11.1,2024-01-30
542C2EBB-3696-49EF-BCA0-B7DBBB11FFF9,242D4568-960E-4AFB-A2A1-74142D9F372B,Metformin,41.69,2024-11-13
61F62EB1-BE76-4CD4-8BA9-0259C820F3A8,FE9CA375-7318-4FFD-AB8D-C735F7D83060,Amoxicillin, Aspirin, Plavix,96.92,2024-07-05
42B45574-DC42-4374-8307-ACB44EBACC77,C7C9CAEF-D9F5-43B0-BEE6-20BBCA7B5074,Aspirin, Amoxicillin,48.51,2025-09-12
36D500C5-D6C3-4A2C-8237-8B1771B2916D,13D05822-2D79-4D80-8A1B-F96E9E032519,Metformin,82.87,2025-01-06
20C817DF-D564-4A50-86A1-88A76FA69C19,F5E184D8-54B0-47F8-B7EA-547A1D512F6F,Atorvastatin, Metformin, Plavix, Aspirin,38.78,2024-05-19
A5D0E724-ED45-4F5C-9E4E-AE2F0CB3E409,608CE044-B2C8-4266-B477-918905C0CA75,Plavix, Ibuprofen, Aspirin, Atorvastatin,35.84,2025-03-08
EAA8CBFF-A72C-4607-9A95-325AEB604A1D,2FDA4AFE-53F5-4695-B8BB-C62C1E85BB4A,Ibuprofen, Metformin, Plavix, Furosemide, Aspirin,99.92,2025-07-30
3EFDA3D2-9842-466A-ABFB-5845A80F0521,78072359-6179-4859-9A84-3AC45F1D4586,Ibuprofen, Furosemide,40.89,2024-01-21
0D6F7346-B429-4BB7-A9C7-F98AE1B64133,4D1394DA-E70C-4E45-A351-DEDD4E42531A,Aspirin, Metformin, Amoxicillin, Atorvastatin,40.53,2024-09-15
BF30230D-40AD-46C8-8234-1C91C4A09FA5,3880098F-ECF9-4CD2-8C17-6D81288F8E9A,Plavix, Metformin, Aspirin, Amoxicillin, Atorvastatin,63.8,2025-01-08
AB2EB245-5CC1-40B6-9377-C7643A496562,C549EC68-3EEB-49BB-B6E5-B3FC06689A85,Amoxicillin,74.86,2025-09-12
2A0FC8B3-2BA4-4A2F-957E-7EF0426F5C8F,5AAA0FAB-14ED-4A76-8B1A-681ABABD7006,Amoxicillin, Aspirin,33.0,2025-10-19
D0F08091-0C0C-49C8-A3A8-DCDDA6053722,6B7D8C8E-53B1-4964-9D5C-C6353CC72F3E,Furosemide,85.09,2024-04-04
4F90D355-5D3B-4D59-821F-F0D2E217B1E1,2F844998-E0CA-4119-98CE-3749D536D8FB,Atorvastatin, Amoxicillin, Metformin,15.79,2025-03-31
CB3FC640-C349-43B1-8D85-8D2BF49BD608,D7A35657-EEC9-434E-BFFC-E77C30E6565F,Atorvastatin,66.03,2025-01-22
4E5A0FD1-FEDD-4138-85F8-2F6FDAF23742,4BB4B127-3539-4B1D-964E-526601570229,Furosemide, Aspirin, Amoxicillin, Plavix,31.42,2024-11-13
7CC5A6D1-A727-4371-A093-1C97C57CDA3B,B3D46E50-032B-4BE9-BD92-8B8AB580EDB5,Ibuprofen, Furosemide, Metformin, Aspirin,63.15,2025-01-08
D6A2D531-760F-4AD9-9810-5D72037593D7,18C48555-EA3A-409F-AA60-6394B80FE53E,Metformin, Ibuprofen, Aspirin,22.0,2025-12-05
AE03CA59-91F0-447E-964A-96081B95A986,08FB1167-75ED-4F0E-B94C-9C29751EE198,Plavix, Atorvastatin, Ibuprofen,10.02,2025-10-19
A4115414-C909-487B-8AFC-0C853D2204CA,D5F10A9C-75BD-4D5B-9413-F5843834409A,Plavix, Ibuprofen, Aspirin,3.35,2025-06-17
70E911F2-97FB-4A4C-98C8-E7621D71F072,952D8FAB-07C5-4F23-899C-507DC0A25B15,Furosemide, Metformin, Amoxicillin, Aspirin, Atorvastatin,67.26,2025-07-09
EA2599E9-969F-4224-A3C5-7EDE36F50658,D3A5A133-18C9-4977-90E2-973C8CF83477,Atorvastatin, Furosemide, Ibuprofen, Amoxicillin,2.73,2025-12-04
F87CB47D-B32C-4C20-BE2D-B06BCDD3DACD,8232B01C-8307-4A1D-A71A-762587A6B1ED,Plavix, Amoxicillin,92.64,2025-03-03
DE8E7DE8-2F8D-4AED-9548-61F33120A7BD,AA0EAAC5-B58E-4917-B0CC-540F18C7C9AD,Aspirin, Amoxicillin, Ibuprofen, Atorvastatin,8.46,2025-02-06
29A52D12-36D3-444B-8C97-3E97EDDA013A,C8CF4F3C-2068-4018-8E5B-983B9D50A5ED,Furosemide, Amoxicillin,21.66,2025-10-29
05BCF663-CC6A-48D7-ACBD-821E8B53333B,FA885887-7CE3-4DA6-B4BE-4764F584A94F,Aspirin, Furosemide,37.07,2024-06-17
B105E499-29BF-4F21-9BFE-817449F73804,4B7F8827-CB97-4AC1-89B0-5FB54B23B847,Furosemide,42.64,2025-11-24
C18CCD99-69C8-4420-A7A1-898F576D53D9,C4CAFAFE-D4F4-47AF-84B9-978383E1A2BF,Furosemide, Metformin,60.25,2024-09-15
F6C750AA-3C12-4803-9620-36EAD1873C13,8CCDA2C4-4F2B-4D74-B478-B3A16C80540A,Metformin, Aspirin, Furosemide, Plavix,49.16,2024-02-15
C9F60F66-9FC0-452A-AD0F-4A2D4ABAC741,E609BDF1-60CD-4AF2-865C-F72A78DB5220,Metformin,13.36,2025-03-19
DBCCDE97-C4BD-4D2A-A4CF-25C9AD944268,F51A82D8-F7C9-4BF7-8E7C-E3408C3E8ECF,Amoxicillin,86.4,2024-08-23
2ED6E4A7-8D78-47D2-8B59-7F0D9C85497D,0DFB4335-4AC6-45B6-9A5F-802238457AEB,Furosemide, Plavix,57.82,2025-09-13
5E57D14E-8CE6-4624-A9CA-4B7D69CD770D,84B50889-C6F2-44CC-B1A5-63C035D768DA,Atorvastatin, Aspirin, Metformin, Furosemide,85.18,2024-02-25
D2FF4022-9FC3-4093-A39B-D2D20CB183EB,C46DE9A8-147C-4137-9BBC-880391220BA9,Ibuprofen, Amoxicillin,44.82,2024-10-17
29F6344D-039E-4531-AC3F-628AC98B3C7A,7553AB38-A326-40CF-98CA-F54AD6CC325B,Furosemide, Amoxicillin, Metformin, Plavix, Atorvastatin,61.73,2025-04-23
8090676C-9B9A-49D8-9974-E69E2F2154CD,7B22271C-8975-466A-852E-BDC80C110373,Atorvastatin, Metformin, Aspirin, Ibuprofen,55.45,2024-05-26
FEE887F7-6EE9-4ACF-9496-CE6204C0DEDA,B894EC73-C377-4DC9-A9A1-81D35BA5AB84,Amoxicillin, Metformin, Furosemide, Atorvastatin, Aspirin,57.71,2025-11-02
FC00392A-D5B2-4608-9298-D002C8AC6916,F5D1B61E-FD07-4914-86A5-A647FFFB9C58,Amoxicillin, Atorvastatin, Ibuprofen,39.29,2025-02-28
0A16E838-2D62-4950-825A-589D2FC9F5C1,EAD94C8E-3465-429B-A02B-CE244DAFB8C1,Ibuprofen, Atorvastatin, Amoxicillin,81.01,2025-11-27
78C9DDEA-6B06-428C-BE33-F6BA511FA8BC,A098843B-DF99-4B5F-A8A5-FCFD431BD79E,Metformin,62.44,2025-10-17
42BCABB4-F963-4094-9670-6963B41512C0,D236A937-E9B7-4078-B8B2-3E57BE071C1B,Amoxicillin, Aspirin, Ibuprofen,42.26,2025-09-20
F2A8CE59-EC1F-414D-9E9D-5C7A376CF88B,0E924FA1-5979-48C6-AC3B-1DAE01B112A6,Amoxicillin, Aspirin, Plavix, Ibuprofen, Atorvastatin,68.73,2025-08-29
1858F4E9-237A-4288-A5C9-7856587FCCFC,07DA0A09-8EE1-4A59-81CB-A80622D55014,Ibuprofen, Furosemide, Plavix, Metformin, Amoxicillin,98.56,2025-11-13
2BC17F93-13B4-4864-9C51-9FAF55D6164E,FCA00FB0-E15D-419C-B97E-B6631D3AF6A3,Aspirin, Amoxicillin, Atorvastatin, Metformin, Ibuprofen,49.28,2025-10-03
706734BF-63C0-4301-9FBD-E45BE7F66CEA,FFE3AA6D-63DB-4406-B465-AB19E2C1BF0A,Furosemide, Aspirin, Atorvastatin, Plavix, Ibuprofen,65.6,2025-06-30
59AF97D5-B4CC-4BB9-A0C4-3F564B67FB0B,FBE709DD-E53F-4FC1-B663-6E0B90861C04,Plavix, Aspirin, Amoxicillin,89.0,2024-05-30
461EB31A-1AEA-4DD9-BB20-3984C8585277,3C7D9BEE-E3D6-4CA2-AFF9-F99EC6604281,Metformin, Ibuprofen,43.64,2025-05-08
69FA1E06-672D-4E57-8996-E7E457D95182,3B37C5FD-D40B-4F1A-9400-A3CAD4C0D995,Metformin, Ibuprofen,17.33,2025-08-05
E369A17E-DA30-445D-A8FD-7CE691FF4629,D364A991-4D13-414F-A224-B62EB4FA6222,Amoxicillin, Furosemide, Ibuprofen,15.22,2024-07-22
381A4AEB-C727-41A6-826F-7EAA7BA3CB94,FAB7ED2B-CDCF-4C9A-8017-23AC88F8D808,Plavix, Metformin,60.89,2025-06-09
6D5EBCDD-C0FC-49B9-84E8-9435D8CC1696,8AD7F8A6-C95E-48AE-B9BB-B7EFE84AED30,Atorvastatin, Metformin,92.46,2024-10-27
F6E7D328-66FE-4F7B-AC2D-B4C761E9991E,28BAF516-42C8-4EAA-9C07-E4A4D9B5E158,Furosemide, Amoxicillin, Atorvastatin,28.61,2024-07-20
AAF4EF23-1A9F-4D5A-8BB9-8FF95CED8B46,561F9D8F-62CD-4F43-AAB0-4EE737C04C83,Plavix, Metformin, Furosemide,9.98,2024-09-22
D47B25EE-E659-4E8C-8BA6-F930B9230CE8,2803B8F4-B6EA-438E-A9AD-D001690E99A5,Ibuprofen, Aspirin,27.05,2024-03-05
9AC36F08-0359-468B-B1A9-731D60EEB5F8,7EE97396-E3C8-4BD3-B66F-072E382DFD37,Aspirin, Amoxicillin,34.91,2025-08-06
02711D53-6376-4016-98D7-D5AFA9D7FD04,9BD2D5C7-6D36-4776-9AF5-D6FC37B4C1F8,Plavix, Atorvastatin, Amoxicillin, Ibuprofen,58.11,2024-10-08
2B5DF45C-4E95-462F-8949-4EEC7380DFF1,618191AF-8296-4735-934C-F5C0E9384EF7,Furosemide,34.94,2025-05-19
AFB53C8F-A81C-438E-88F2-E601F19225E7,D82710BC-5221-4E66-9424-723EC22E4F36,Ibuprofen,36.0,2024-10-09
1BEC253E-9DC1-4EF0-BA5B-C4BE40CA97C5,0D24E742-659E-4347-8209-99E3420C28CC,Furosemide, Atorvastatin,77.23,2024-07-23
CB3F23C0-08E0-4FC8-815B-9606314669DC,89939E06-693E-4E60-B5F6-30DE778843F9,Ibuprofen, Metformin, Aspirin, Furosemide, Atorvastatin,10.39,2025-12-02
CF2393B7-D9BC-4EC8-8B47-7CFC6B88C28E,16AFF10E-1DF3-4812-BAC5-98FCCAB939DE,Amoxicillin, Plavix, Ibuprofen,54.02,2025-02-11
6427F128-2D90-443D-9B57-4460A57878D3,240342A6-AB4E-4319-829A-083FA6501E35,Atorvastatin, Plavix, Furosemide,84.99,2025-05-10
AB8E894B-D612-459E-A938-C26158CBB077,DD0D65A4-3C6E-4DD0-A645-5F05FC437C03,Furosemide, Ibuprofen, Amoxicillin, Plavix, Aspirin,54.0,2024-06-13
F2274BF4-BE1D-4FB1-80BA-EBD9BC98DDAC,F61E625D-1A8E-4EEB-9FCF-4A319E3DF384,Metformin, Atorvastatin, Aspirin, Plavix, Ibuprofen,81.09,2024-07-11
B1C48BF3-D10A-4463-8423-3F862B91FA39,307C085B-AA33-46BC-ABF9-DA4E3ECE0F52,Ibuprofen, Metformin,83.76,2025-09-27
700EC140-ECB1-40A5-8386-B9FD7BF42B04,8385B0F5-633C-4AB4-BEC7-8C442052F1C4,Furosemide, Ibuprofen, Aspirin,84.02,2025-05-29
C012E29F-D844-4DCD-8517-5CC26A1115A8,BBAD6212-443E-4E2D-B732-6DB1698858A1,Amoxicillin,84.03,2025-07-18
D5165BDE-97F7-450E-8313-F7ECA3FC0082,5CF7C1EE-3065-4691-922B-502A2455C715,Plavix, Atorvastatin, Metformin,7.5,2024-06-13
545D44F5-2E78-4C9D-A78A-10011B20791A,55C7EF3A-9CC5-4171-BD6A-8B9E70615099,Furosemide, Atorvastatin, Metformin, Aspirin, Amoxicillin,41.77,2025-03-29
4E617DCB-ABA6-4C65-A0D7-2F4AE9D42EC1,0F4720EA-BACB-44EC-8228-CCB49BFC58EB,Amoxicillin, Aspirin, Metformin,97.77,2024-01-28
084D1970-8BF5-4EBC-A84E-1A6B6DFF093E,DA9E3186-8D57-439E-ACE5-53E5911412B0,Amoxicillin, Ibuprofen,8.56,2025-05-11
8C757376-DD6C-48EF-9046-803DAA1736D5,57D5D908-DA52-4ED3-A569-0F54AC03105F,Ibuprofen,75.5,2025-12-08
30D046D8-FCAA-49CF-A08F-CA1FAF6A3684,FDE1E06E-568C-45B5-BC19-5746B85A06AD,Metformin, Plavix, Amoxicillin,97.84,2025-09-17
8BA707B4-0C4C-43A6-80A4-744FE097A090,E6600067-59A9-4B2D-9725-BD98C8D3E1FB,Ibuprofen, Atorvastatin, Amoxicillin, Aspirin,37.57,2024-03-09
FF073D43-CE57-4B1E-AF79-D49D7B2B14AB,7A63827C-AF6F-4BD6-92BA-FA760980E678,Atorvastatin, Ibuprofen, Furosemide, Plavix,47.14,2024-11-04
BE5DC35C-A3A0-4C43-A8EF-FAE72894E9B2,B49BF74E-5C4A-4EB2-84F9-9A8321578E9E,Amoxicillin, Furosemide, Metformin,76.27,2025-04-26
6DD14F74-DE3C-467E-811A-568E3853B0A9,AD94E981-16EB-4F18-97FA-44D5A1B25FE8,Furosemide, Amoxicillin, Atorvastatin, Ibuprofen, Aspirin,32.11,2024-01-14
5E3E3D90-5C2C-49E7-86E0-AD6702341C32,EE0D6380-D923-4F0B-BA81-6A7321A972F0,Amoxicillin,8.82,2024-09-20
C6DB3D6D-A2F8-40FC-A69B-C8634CD87B3C,5333E2AE-F4E0-4EBC-A5E6-F3547A6B2B9E,Amoxicillin,51.58,2024-07-12
AE66AFCD-3758-4808-8C5B-FFF29A039F16,40256F74-CACD-47F0-A4FA-B68E45115658,Atorvastatin,72.41,2024-12-23
D1CF661C-B817-4FCC-B445-C53AD4B538CE,4E4C6316-D93A-4970-A08F-791AA542890D,Amoxicillin,79.64,2025-12-08
3B0A61F4-EAE9-4C45-9B45-36D9CDA9E727,11004B00-EFB6-495A-A1A6-458BF744ADE0,Aspirin, Ibuprofen, Metformin, Amoxicillin, Atorvastatin,52.07,2025-10-14
58ADB2F6-CE9F-477B-86CE-580A72407F3E,17607C4A-EEFB-4911-876C-4811F31B3F56,Furosemide, Ibuprofen, Atorvastatin, Amoxicillin, Aspirin,11.83,2024-02-25
906B4515-703E-4DF4-B515-F1E8518FFC3A,4677C9A4-6FB8-4989-BBDC-413C66E83EBE,Aspirin, Atorvastatin, Plavix, Ibuprofen,88.93,2025-03-01
071003C7-09A2-4AFE-B13E-970696880321,E5CFB987-FAF8-4041-97A5-73A7000BD5D6,Plavix, Amoxicillin, Aspirin, Furosemide,6.42,2024-01-06
E0ED5235-FD35-43DE-BA10-6DB16DD6CDB0,8947EE2D-55BE-4139-B66B-0DECC936F943,Metformin, Ibuprofen,6.31,2024-07-15
DF1E6A0F-6AA7-4B0E-9EF5-D1F74D2C2B7D,4131D1E8-8820-4A7B-8352-8727488F3952,Aspirin, Metformin, Ibuprofen, Furosemide, Atorvastatin,72.48,2024-08-17
90DB42BC-AA76-418C-8A1A-9E4690F4C1EE,9D3E0B5D-EF9E-4063-8DF2-234032F91E49,Amoxicillin, Ibuprofen, Plavix, Furosemide, Aspirin,45.88,2025-02-19
207D2BB1-7FD8-4574-84FC-82E396484CB9,32B3424A-184F-47A4-BB40-8C95AFF13C26,Amoxicillin, Metformin, Furosemide, Atorvastatin, Ibuprofen,93.02,2025-03-17
CFDA5A62-BEC2-48BD-A2B3-129F84A6E1D9,0E062120-41BA-4B93-803C-42431488D57D,Aspirin,70.5,2025-05-09
FBEB7D12-4FFD-4DAE-963C-EE9B7CC9A1DC,B220F4A6-1F6E-4301-9428-DE1542FB288A,Furosemide, Metformin,78.62,2025-08-20
D2E52685-E90B-4732-BE80-259F6E2F3A07,3FB1A849-694B-4268-BC9E-17EC5FD50967,Furosemide,87.0,2024-01-05
CA85A054-5539-4CB6-8B9D-74363BE21551,BB85C556-256D-4E8A-9379-42665F251C3F,Atorvastatin, Metformin,54.96,2024-07-21
F1CB69F6-AF40-489A-99A6-3C6A99323ACC,74A2432A-FEFA-4604-BBED-3F79D58F2536,Metformin, Amoxicillin, Furosemide, Ibuprofen, Plavix,40.01,2025-04-17
1E8ABA99-18D0-47E4-9C29-C1A8B0C2F7B3,3E4FB40E-5DDE-4F86-A8A7-A4D6645CA3A7,Ibuprofen, Atorvastatin, Amoxicillin,44.16,2025-12-15
ECFB3BDE-9870-41A2-80F8-8F9406B255A4,1C836C6E-A4EF-4E08-B760-AB39EFC8FF1F,Atorvastatin, Furosemide, Aspirin, Amoxicillin,9.5,2024-12-15
E6472CFD-0288-4035-A6A8-E0901422DB17,BE49AA13-AB55-420B-A491-A08C82838BA5,Furosemide, Atorvastatin, Amoxicillin, Plavix,35.45,2025-01-04
9B8057D1-2F98-416D-979B-1BAE408D1531,A2B5B9EC-FC35-4E15-846E-E0D6585EE4E6,Plavix,6.11,2024-01-02
047D832A-806D-4218-924C-57ABFC434EAA,389E2127-D031-47FC-8464-93626D8D5404,Furosemide, Aspirin, Metformin, Atorvastatin, Ibuprofen,32.49,2025-01-14
B46D0A2F-62CF-4533-90F7-7AA80BD42351,11BC26EF-7462-48EA-B8BC-35263031D367,Aspirin, Atorvastatin,38.83,2025-02-08
042FE8AC-C1FD-4DA3-B6E9-3A6206BF2701,3E404FD2-B426-446D-855C-2ED7F127FA16,Aspirin, Atorvastatin, Amoxicillin, Furosemide, Ibuprofen,65.87,2025-09-07
7C965AD5-6079-449D-9B68-66E4969974CD,76415456-07A5-4DBC-9397-10277BB3C8EE,Plavix,58.78,2025-11-01
14F8831C-8BC0-4588-9BC8-3426D322FFBF,DEA3F2E7-D02F-4CDE-9083-AB4367C1BFC4,Furosemide, Aspirin, Atorvastatin, Amoxicillin, Ibuprofen,75.36,2025-12-31
16D16D57-C505-41E3-A4A1-B9B2FF326683,E58AC19D-0D88-4B6D-AE5E-EE93A5CE72F1,Amoxicillin, Metformin, Furosemide,50.14,2024-03-17
DF10CAFC-7F1F-4C51-915D-A4F472FABBE6,E3D637C9-26F5-4FB9-B5E5-9044D90EF9EE,Ibuprofen,76.78,2025-02-28
BC5CCCBC-1965-4BFE-A88C-9E954963C3DA,9C8019F1-398F-4293-82F1-8F957B637F3E,Aspirin, Amoxicillin, Metformin, Plavix,54.28,2024-06-24
07F1EC1C-7B19-47A3-B45A-03D161B95908,28CCE75B-1617-466D-ADFC-40A3F032FFE0,Ibuprofen, Atorvastatin, Amoxicillin, Aspirin,96.62,2025-07-12
974F606B-8FE9-4BC5-87AB-405507C4451E,C49DD735-0CA9-41BB-ACFD-F2046C272B42,Amoxicillin,93.14,2024-12-04
2216FE2F-B180-4D38-89D5-0C30FA93A0D0,017FF763-40EC-4F44-8022-1233B8D9E4DB,Amoxicillin, Ibuprofen, Metformin, Atorvastatin,45.36,2025-05-20
CED458EB-498B-43A1-9823-70D500FDB6D2,94D14374-7F95-4CBE-8B30-C8FE59B36FFC,Ibuprofen, Amoxicillin, Metformin, Aspirin,58.17,2025-04-14
55FA9C58-4427-4776-B10E-B26C5A1DC50F,0560068A-AD77-4334-AC10-D50FD84EBB42,Atorvastatin, Aspirin, Plavix,14.56,2024-04-01
0B271246-36DC-42DD-9EAE-AEC554BF3C37,96170B1E-8310-4DDF-8EC6-7319EC4779A6,Plavix, Atorvastatin, Metformin, Furosemide, Ibuprofen,46.26,2025-09-23
C498BE3E-06E5-4BA7-BF2B-1DDBBC3DB307,76DBED78-822C-4648-B2E0-124535807A03,Plavix,86.26,2024-12-11
C05D2697-F551-404D-9056-E4D8773F48A9,987DACC1-3154-46D3-963B-9EB0DFD85FAD,Plavix, Ibuprofen,58.86,2024-07-05
1212A576-598E-4134-8602-B78436D70A8C,BF918C66-2BE2-429E-AC3D-31C1B575EF43,Amoxicillin, Aspirin, Ibuprofen, Metformin, Atorvastatin,39.89,2024-05-02
2AFCF2E6-55E4-461D-9DAF-76BB63F1799B,9292C844-2478-40DA-8A16-03B9A46314C0,Aspirin,86.56,2024-01-04
9B217789-72EE-457E-B60C-AA5D2E32642B,61DFA494-2272-4062-848A-838CF8762D39,Aspirin, Plavix,5.11,2025-06-30
42E0A43D-656B-44D8-8EA5-F6CCC3DFC7F0,FCCE46B4-BAFA-4435-B22B-4BBD20E221BA,Furosemide, Metformin,50.02,2025-10-24
194D17B4-D96E-45F9-B7B9-CD3CD017BBD7,69E78C36-CA5A-4851-8EB5-0DDB54C98814,Metformin, Aspirin, Amoxicillin,61.27,2024-10-13
090B524E-8387-41CB-A7DB-1038D33AF8D9,F340A1C7-4726-4407-96FC-8F248B95D382,Amoxicillin, Ibuprofen, Metformin, Aspirin,28.45,2025-06-12
510366FD-81CD-459A-8E35-9170024803CD,7E708A39-C2D8-4AB4-B526-3A408C30EAFB,Metformin, Atorvastatin, Amoxicillin, Ibuprofen,9.08,2025-10-15
AF88E6F8-1376-48E0-AF36-42C809124CC3,972BF2FE-B42F-4783-892B-0D7CF331C526,Amoxicillin, Atorvastatin, Furosemide,70.38,2024-04-21
6066E499-7D07-4A5D-9A93-73911BF9355B,9821ABBA-9C9E-4137-9503-086255F1F486,Amoxicillin, Plavix, Ibuprofen, Furosemide,87.21,2025-12-15
A8CE3FEC-FD57-408E-98D6-0D2E47CBFD1F,3BE1194E-53B3-48DD-B2BE-DCBE5C5716C7,Ibuprofen, Atorvastatin, Metformin, Plavix,1.8,2025-01-03
5E59E28D-58F2-4CF5-A5B9-C4BC381D27BB,6C721C25-44D0-46EE-99A8-9416D367AF17,Metformin, Aspirin, Atorvastatin, Ibuprofen, Furosemide,15.74,2024-07-22
2EAB42F2-139D-40DC-AF45-58F7CC54CD1B,A30F2AF1-B3CE-4BBC-9D4E-663D2ECE4A76,Ibuprofen, Aspirin, Atorvastatin, Metformin,77.86,2025-11-22
D914AB59-C780-46DC-96D4-1879E6DE9AB1,FCD94521-AA9D-4197-8268-AACA590B2263,Aspirin, Atorvastatin, Furosemide,73.25,2025-12-27
D0D14519-61C4-4CB3-A782-9ECC75265586,2E796752-BD44-43F7-A2D4-B2A35E7CCBCC,Amoxicillin, Ibuprofen, Metformin, Atorvastatin,80.36,2025-10-04
A6002CCB-3E74-4338-B929-E277C046675F,88C72AE9-E8BD-485A-B862-B7E8692639DE,Metformin, Amoxicillin, Ibuprofen, Furosemide, Aspirin,76.71,2025-06-24
A8423C92-BF27-489F-A4E5-9D31D0EC92E3,3DAB05F2-4F6C-443A-AB96-9F30BF977A64,Metformin, Plavix, Amoxicillin,34.83,2024-11-03
0CB69058-E343-494D-A05B-B0E1D96F44F9,D22FE033-CB58-421A-8EAA-981953C3944F,Ibuprofen, Plavix, Amoxicillin, Furosemide,1.48,2024-06-17
9C295C6D-7A6C-444D-A847-2A3552D8939F,1AFC481F-38D3-453F-8C69-66CDFC42E729,Atorvastatin,34.88,2024-11-09
DF2DC233-0B6D-402B-B500-BD52349FFD1B,2744B64E-4C2E-4664-A496-F64A74279A9C,Amoxicillin, Plavix, Furosemide, Ibuprofen,54.35,2025-06-24
289765A7-9131-449A-BD73-3A5157537E12,A7FECECA-786B-4D68-8ACA-FBDB80163DA5,Atorvastatin, Furosemide,26.69,2024-09-10
AEF335B4-340E-4C6D-AC79-8A6F5D889F03,F5F5E9CB-2434-4BE8-B3E8-E00B8A66ABB6,Plavix, Metformin, Ibuprofen, Furosemide,91.02,2025-07-24
287312B8-BDB4-463C-81DC-A79DB8AB1DD7,B2504285-13F3-4EA0-B106-16D7378C3E2D,Aspirin, Amoxicillin, Ibuprofen, Metformin,60.99,2024-03-02
B4A6EB46-3363-4226-8016-5609D19EAB6E,94B076DB-A87C-4092-A785-2E8FAA3013DC,Furosemide, Ibuprofen, Aspirin, Metformin,79.37,2025-12-29
C57E65B4-626D-44F3-854E-2765305DDD94,D13CE1C5-9D8B-4667-8ECB-40C645D294EE,Atorvastatin, Furosemide, Amoxicillin,59.71,2025-01-10
D76C2312-DFB2-4EB0-B285-10D6246C7BB2,9FEC5C2B-51BA-4D16-B44A-F9E5E0AF6C9F,Amoxicillin, Metformin, Ibuprofen, Aspirin,94.55,2024-10-26
D87380BE-9825-4837-821D-8BF29680E13B,8A476AFE-04E4-4EA3-AB3C-504B7AB744CD,Metformin, Amoxicillin, Ibuprofen, Aspirin, Plavix,80.92,2025-03-22
102A9367-9077-4FFE-A1FF-CB02CD45ECD9,14EAA526-0B11-4265-9495-46FA9933CAA5,Atorvastatin,82.5,2024-07-11
BD859B90-2F80-4086-B6B3-D53B4F4AAF5A,12B68CAD-464A-4DC7-92AD-857322C7100A,Plavix, Aspirin, Metformin,48.75,2024-08-15
919FBF76-B677-4608-92AA-F94D9F88D73F,592863CF-676C-43BE-8EA2-E2B988C410DA,Atorvastatin,48.9,2024-01-27
107EF36C-5C9B-43E0-B888-3A9517409497,66B401FA-05B0-4F0A-8A9D-EC578391B654,Aspirin, Atorvastatin, Ibuprofen,63.84,2024-07-26
53190D31-63DD-46E6-8649-A195BA41D32F,6EB03BAE-9F70-4CFF-AA32-ABDE1FA79E86,Amoxicillin, Ibuprofen, Furosemide, Atorvastatin, Aspirin,91.61,2024-08-14
882BB300-4001-4835-9AD2-868D38EE8BC2,7CC14983-48AB-4085-8885-B76FACD33184,Furosemide, Atorvastatin, Ibuprofen, Metformin,16.69,2024-10-08
C90B371A-24E4-45B3-9077-612285CB93DE,1E627B4E-58A0-44AF-8DBA-AD1182A1B1F9,Amoxicillin, Aspirin,16.34,2024-10-12
65C783C1-9976-41F0-A786-D0CECE63C462,C652A85F-898E-4F1C-89D5-B1098AD55867,Metformin,87.8,2025-06-17
074D48D9-D403-4160-9D84-7C2D5EBB95D0,84B0DA7E-55A2-4B7F-972E-23801582C67B,Plavix, Ibuprofen, Metformin, Furosemide,60.4,2024-05-09
F537DFF4-10CA-4FD0-87F1-791509DC675C,E740A90D-2E97-4137-96C7-5E239406D3E0,Furosemide, Ibuprofen, Aspirin, Metformin, Plavix,43.4,2025-01-10
8F3FA5AD-92CE-424C-9678-7447766DD888,DFC2B238-64A2-48B6-A091-7FC0BD80B2CE,Aspirin, Atorvastatin, Amoxicillin,15.24,2024-09-07
4C3F3215-3BCF-44E1-BDF8-6717898F9C44,6899DC8B-BA03-4DE1-8D35-92C1C7BF06D1,Ibuprofen, Amoxicillin,72.39,2024-11-05
8B63304A-C29B-447E-B071-473BC56E54BB,1BE880E1-E5DB-41B3-AD33-2F8B1B42F94E,Atorvastatin, Metformin, Aspirin, Amoxicillin, Ibuprofen,50.87,2025-10-22
19C711C4-ED6A-43E5-B02D-CB212FCF9A0B,6390537C-3F9F-4898-8D41-2BED2C96F3E8,Metformin, Plavix, Atorvastatin, Ibuprofen, Amoxicillin,53.64,2024-02-02
D4A6E2F9-C6B6-4B84-AD28-94363250BFF5,431DC44D-A397-403D-AFDF-73F04EB92890,Atorvastatin,36.72,2025-01-21
B2904992-F814-4CC9-BFD6-54B978335844,83A970D7-47B4-41C5-97CE-07C35379FB17,Metformin, Amoxicillin, Ibuprofen, Plavix,98.21,2024-11-12
E000C160-6A57-4989-B228-29150043149C,9DB55497-EB1D-45B3-80D3-AFE8D5EEFDA2,Aspirin, Atorvastatin, Plavix, Metformin, Furosemide,87.43,2025-03-07
B63957C0-D3C4-4AC8-9D18-098F8FBDF2FD,9379DA31-A38F-40AF-B73D-D033C6D7EE70,Ibuprofen,97.85,2024-09-02
CA3BAB96-C62D-4DB5-BAA1-936B9458F850,B433EE93-CA92-4368-A574-E859F5E73949,Furosemide,92.94,2025-12-03
BE56EDAF-C683-4EC0-9F54-8D3D3B11FD8D,8718CB1C-3880-4F1E-88EA-D240A9B40E68,Aspirin, Amoxicillin, Furosemide, Atorvastatin, Metformin,32.44,2024-11-18
DAD85474-5CE8-47A0-9205-949CB917825A,99F7072A-3979-4721-A913-B8A1369A93AA,Aspirin, Plavix,30.77,2025-11-23
C3EA7E67-D557-4AC6-970B-ABD27247FB4B,3DC5192C-A5FE-40C9-95AB-ADFACA1F1996,Amoxicillin, Atorvastatin, Metformin, Furosemide,23.04,2024-09-13
64E4A018-20EC-463D-AF86-345180027DA7,5C6DC8CC-F0D0-4723-BBF4-964BE2D64F19,Ibuprofen, Plavix,68.6,2024-05-05
936BF307-066B-44DA-8F1B-E9306AF6A3A6,621279F8-B3C4-41DC-9EC7-DC62F08B369C,Plavix, Furosemide,7.31,2024-07-20
FB154947-651B-41C6-8BF9-98BD148EF255,AF0FBB73-08DE-4737-BE32-1954B4022D8B,Plavix, Metformin, Amoxicillin,3.26,2024-09-14
613A242E-264A-444D-B5DE-8C6869058F95,44356693-3661-464B-8BE1-AE11981F424D,Plavix, Atorvastatin, Ibuprofen,20.21,2024-09-22
DE03B00F-AE27-41EB-A9BE-3E4493802CDD,0E05D821-2D71-4ED0-8B59-CA388DE91FAB,Furosemide, Ibuprofen, Metformin, Amoxicillin, Atorvastatin,96.41,2024-12-15
AB4A900D-ACD1-48F6-BB83-BFFA93ED44B4,3361E79D-A655-4CFF-BB0F-BC37297A34FF,Metformin, Plavix, Aspirin, Furosemide, Atorvastatin,87.99,2025-08-21
0354EA4B-1975-4200-BADF-42DF2F0F3861,2B264847-27E2-4A48-B9D9-1AE39842474E,Plavix,93.51,2025-06-15
2052B41A-11B8-449A-A218-C0B2B49BF752,BCA5404C-A41B-497A-8080-B26A8F86EC59,Atorvastatin, Plavix, Aspirin,79.64,2024-01-24
257F5D55-4957-41E0-8FBF-433FD027930C,4974D32C-D07F-4AA6-B06B-D108FAB89EAC,Atorvastatin, Ibuprofen, Aspirin,61.63,2024-09-11
74FA4095-35AD-4527-857E-039D56147E9D,9E5E041C-B9C7-438F-B523-D17D10116B02,Furosemide, Ibuprofen,50.71,2025-11-30
63945274-463C-4519-9969-F4EFB63310A6,934A3979-ECEA-4C24-8484-B2EAD6A7BA75,Plavix, Aspirin, Atorvastatin,55.33,2025-08-27
ACD45834-0F03-4721-8784-4A53EA16C75B,A518A977-6774-4B56-AA45-312E9BF5492E,Plavix, Aspirin, Metformin,77.78,2024-04-20
DE86320B-8507-43D5-853A-685ADD97CA57,82D02D13-D0B5-4174-9782-F32601AA8573,Atorvastatin, Metformin,61.01,2024-07-28
7F36D25A-B66D-4002-BB1F-CFEF75129E67,1EE20229-F535-47DD-BDB7-BF83A702A735,Aspirin, Ibuprofen, Plavix, Furosemide,80.03,2025-06-24
7860444E-B358-478F-8307-D17C51E6188A,3D3E0079-8C64-4846-B5B0-55474221C13A,Atorvastatin,37.63,2024-06-01
711A7A8A-9706-40F1-A2F8-5A62858DDDC8,A6538425-8F09-43DD-93D0-66CC056B9FAA,Ibuprofen, Atorvastatin, Aspirin,15.9,2025-05-25
4542355B-1ECD-40AE-87C5-399B664E6AF8,160D8A43-F5A8-49C2-BF0F-6888D91C74A5,Atorvastatin,72.83,2024-02-25
7CCB9CC5-AC61-43A5-9B4B-E8AA59B9D458,0740EAEB-9E36-4325-9BFC-ED3F12E27ED0,Aspirin,23.71,2025-09-03
BD18B3A1-8285-4361-8519-634AF703B022,FCB2BF42-048F-4B1D-A15E-085172B22B55,Metformin, Aspirin, Amoxicillin, Atorvastatin, Furosemide,45.98,2024-08-05
D5B939B6-805B-4BFA-AB6C-D3612E51A5B1,A158720F-B96C-4142-A810-3ED6BEB43417,Furosemide, Ibuprofen, Plavix, Atorvastatin,65.15,2024-12-01
ABF23B90-CD88-4B5A-999F-E3C29310D385,80D65D3F-5323-4D0F-84A7-69F35146A050,Ibuprofen, Furosemide,51.35,2025-11-06
32437C2B-4FDE-4DF7-9477-F9FAA36400BE,C4D17B86-33BB-4C67-8033-65EF48AD8837,Amoxicillin,89.94,2025-11-17
2EE72D4A-7059-4277-8779-D1118554853A,60D0A3DE-1EF8-4738-BA87-789A8EA776C7,Aspirin, Atorvastatin, Furosemide, Metformin,70.62,2025-01-04
13C3CFCB-7EA7-4BFD-BA35-B08C15893E91,1ECB6CE4-B29D-4B09-971A-C6F0B1B845DF,Plavix, Ibuprofen, Furosemide,70.09,2025-07-07
2A4ABB1C-A891-47FE-951D-C88C03F39B62,53E13AEB-E2B4-473E-8BC3-C24FFC2AE300,Furosemide, Plavix, Ibuprofen, Aspirin,7.25,2025-04-22
04189469-FB9A-41DA-97DC-0BF3A7F04ADA,FA3C8313-6BB6-4F5E-BF92-422E6FA61A3F,Ibuprofen, Amoxicillin, Metformin,4.78,2025-04-20
75FC9BFA-E11C-4F44-9886-8C30071AD607,CCE3462A-4598-46ED-9DF9-7B3DA8A31894,Furosemide, Plavix, Ibuprofen,26.74,2025-02-26
AD7C5636-4688-4BD7-A8C6-68BB8F27D1C5,EFCBA11D-5C81-46C7-84BA-DDD05E22BDE4,Aspirin,19.66,2025-01-23
9C80D99A-421E-4ED6-93AA-976BE8595B54,1644BBBB-46AF-4AFA-A775-22EA8D123E05,Metformin,86.34,2024-06-18
57B34202-B69C-48B5-B4DA-909C66AF31CE,AC1C9E1E-BA1E-4064-B79B-159810560FD7,Atorvastatin,46.11,2024-06-02
93866AC4-5273-47EC-AD1B-A222302944D1,6358F0BE-6ED6-4DC4-B1F5-2D1E0EB44B5F,Aspirin, Metformin, Atorvastatin, Amoxicillin, Ibuprofen,36.99,2025-07-23
9F7B9D7B-CFE3-42E2-9BBB-5EF334B7E40F,F9D5120B-4BC6-4E91-8D61-AE042B777D26,Aspirin, Atorvastatin, Furosemide, Metformin,14.6,2024-12-08
D90B248B-4EED-469A-803A-A84FEB74C2D5,FEF45C41-6858-4D78-BE44-5209606B852E,Atorvastatin, Furosemide, Ibuprofen,78.75,2025-08-31
0E974CC0-686A-4432-A364-3E64143F9D1B,20B10D56-857E-4209-A74D-C437620524E8,Amoxicillin, Metformin, Atorvastatin,22.89,2025-05-15
6AE6CBBC-5000-42AC-8832-0B33ECE074C6,5B3CB643-168F-4594-8A7F-3345423FD378,Aspirin,49.72,2024-10-20
12F2492A-C57F-4CB9-B3F7-D5D2E58A7463,715412B0-B74C-4F3A-8306-69DD14F9C373,Ibuprofen, Metformin, Amoxicillin,21.9,2025-11-01
7136A6D1-4570-4CCD-909A-25E5921CF731,B20FF570-EA31-4023-87BF-77DED9944C64,Plavix,57.21,2025-07-17
26B6BFC4-3CFF-4C8E-8A7E-5909A61BF78F,1B4C111D-0317-4698-98F6-176EA2863787,Aspirin, Amoxicillin,80.36,2025-05-28
298E513D-AF19-45BC-828A-4310C12A5BD8,307924D6-24EF-4529-BF2F-5F08882E31B4,Furosemide, Atorvastatin, Aspirin,54.16,2025-01-31
BEE12276-7719-452A-B5C5-A64908E6D9D8,B3E836A2-C7AC-4E51-A341-612A495F479E,Aspirin,11.68,2025-10-18
8B9D4EDC-AA93-4632-9E00-EB45090D09C5,FBFCBD83-E9B9-4D0C-BE9D-A5A496C504D6,Amoxicillin, Atorvastatin, Ibuprofen, Aspirin, Plavix,46.13,2024-11-21
5C900B82-6CA7-496A-8331-A835CE124B0E,2F7799B2-78AF-4242-8B10-E96AF639E0BB,Aspirin, Plavix, Atorvastatin, Metformin, Amoxicillin,51.44,2024-03-25
BB661406-6D64-4DA7-A865-0C8B9455C349,B29F720D-3D3F-478F-970E-4858708838A1,Amoxicillin, Ibuprofen, Metformin, Aspirin,73.23,2024-08-04
17BFD36F-CD44-4318-A4F7-7BD878394C7F,A8385DDE-F17F-4692-8467-144532E856D0,Furosemide,13.45,2025-01-16
47519C5A-569E-40AE-9F88-56861F9F5378,4C5BCCC5-400C-4339-9AFF-16BBF0BE19B3,Furosemide, Ibuprofen, Metformin,16.0,2025-08-18
7ACBFFDE-1512-402B-A031-064C8344806E,837F3BFE-4016-4E4C-A1A9-3AC09B2A1D2B,Ibuprofen, Amoxicillin, Metformin, Furosemide, Atorvastatin,4.85,2024-06-06
1EB1D8FA-BFD4-4907-9A83-37BB6D4CDA5F,8FEF588F-A6E7-4DB0-8597-056C6B47D178,Atorvastatin, Ibuprofen, Amoxicillin, Plavix,77.43,2024-03-13
A4E76BAD-F2E5-4E5E-945E-6A47DC5DDD3F,4573B9E8-FBD3-41E0-9415-9B77EB005989,Amoxicillin, Plavix,8.63,2025-02-12
97161039-52C6-4419-9F3E-A60E6ABA9826,80CFCEA8-6F35-4625-A22C-552CA939947C,Amoxicillin, Ibuprofen,5.08,2025-04-30
1D748660-C923-4C7F-B720-70B3EA856FA9,D74EB33E-36F0-4F0F-A6C5-5948397D940B,Atorvastatin, Plavix,54.42,2024-09-06
CE9FC812-2404-43A6-A195-BB40E5401838,1DF7599C-53E1-48EA-BA25-C9955CC280D5,Ibuprofen, Aspirin,36.85,2024-12-03
B8D07508-F9CD-41F5-8BB9-4050A3F923F8,A98F4B43-E981-452B-8914-7990C24EB8D1,Plavix, Amoxicillin, Furosemide,25.57,2024-09-28
288814BD-4F83-4BAD-8C21-BC852C5A3115,DF59C5E9-BC18-4293-844F-EDE179453D30,Aspirin, Amoxicillin, Ibuprofen, Plavix,48.29,2024-08-17
C136C034-C461-4CCB-B227-CDBCB3B9BF37,6AF7C29B-FCF8-4FB9-A470-D953A556CB6D,Amoxicillin, Atorvastatin, Aspirin, Plavix,31.68,2024-09-02
7EAB5F7C-0D82-48B5-AFE9-444180013D5A,542D6342-E6E2-4BFB-8149-158F251D796F,Furosemide, Metformin, Atorvastatin,81.67,2025-07-06
0DC9BD28-C940-47AC-91FE-E6DCEB9DB052,4ED4CE7E-55A4-41F9-96F4-A2D3B2E7C7D3,Furosemide, Aspirin, Ibuprofen, Atorvastatin,39.31,2025-04-30
E2B9B24F-21D9-4E98-A45D-35AE33944A08,1F3BC9D4-465A-48FE-8DF6-0219E5718F93,Aspirin, Furosemide, Plavix, Ibuprofen,24.75,2024-08-19
952B0D40-6674-4342-9C71-14B1BAA3E9A3,E100AC92-8973-43E7-9A7C-BC39EA91AA72,Atorvastatin, Aspirin,57.99,2024-10-01
117A436D-4C4F-4BF7-8187-79B61D529693,FF07120F-25A1-400D-8695-FA710E75C6CE,Furosemide, Aspirin,21.18,2024-05-01
E5457B6C-1C1B-46A8-93EF-67889F24DE59,F32548C1-7791-42AF-B2F3-B9B3FBFB4AEB,Furosemide, Aspirin, Atorvastatin,46.73,2024-10-08
7DBCA8F9-C871-4174-AC74-CFCC6AEDF6AC,38E62652-C662-4440-8B39-A4859108D960,Amoxicillin, Ibuprofen,64.36,2024-04-10
C66FA9DF-3ADA-49D7-94EA-6678C763936C,43D2934C-1EF6-43B0-A54E-A05E4EC4DAAA,Metformin, Ibuprofen, Furosemide, Plavix,62.04,2024-11-23
9E5A70FC-F203-46CC-80A3-2438DE4B6FA2,F1E29D8B-CD57-4F2A-880D-621ECB24FE36,Amoxicillin, Metformin,79.61,2024-07-18
691FD6A6-1EB0-4CA6-AEBE-EA41DC2ED553,30C80313-44B8-4777-B2F5-DE07A1BFDA20,Atorvastatin, Aspirin, Metformin,95.07,2024-10-04
EF0FA333-60A7-4919-AB9E-C44556F37653,95EE5F05-3CC4-4AA2-BF24-9D76BFA675B0,Atorvastatin, Metformin,32.88,2025-06-06
317F53F9-608F-459E-BF40-2421D51A251F,B1B0DE21-707F-408A-BA5A-044F30C282F7,Plavix,70.07,2024-02-08
8A1FE246-F0DA-4579-8851-8C2BF2328BF1,3CF0A5F9-7EE9-41B6-9F4C-63264B1BA436,Aspirin, Furosemide,2.09,2025-10-15
EA4E4466-ABB8-4A59-B33B-0AA5BBAA40BD,86CB30D5-16FE-460E-BB00-32C1245A5BDB,Aspirin, Metformin, Plavix,4.33,2025-12-12
EDE764E4-BD4A-4DBA-85EF-DDD201B17D96,350F3C95-7A6D-445C-85A7-C52DD8E7CAC2,Amoxicillin, Atorvastatin,78.34,2024-06-12
57D66BDE-5B7C-4215-BDDD-BD7F853C204B,A285CB22-0462-4116-817B-FA9D9B92CEF1,Ibuprofen, Furosemide, Metformin, Amoxicillin,82.56,2025-09-16
DA91A7E6-B2AD-4D26-9887-0B6DDC6C0078,0A54FA5E-E941-4276-8D83-3E5F36EF2864,Ibuprofen,19.93,2025-11-11
B3D0D734-5A69-4806-99DA-BBA3EEA6BC67,FDD92C39-BC7D-4834-BF2C-498BF9F5F246,Plavix, Amoxicillin,7.06,2024-03-03
9568037D-28C9-4D6C-A229-B33E414D8282,6338FB33-E2CF-48B7-B73B-28282E57E797,Plavix,98.15,2024-10-01
8D59C04A-BAD2-4FB0-9530-D9CA2CF29422,D82D5825-3150-4F75-92E4-3EA1C80BB696,Metformin, Atorvastatin,98.52,2025-10-22
67BD119E-D263-4ECF-B69A-4D4F512AA846,C363C51A-4C79-44C9-A83D-01EC4B1DDC50,Furosemide, Amoxicillin, Plavix, Aspirin, Ibuprofen,99.97,2025-11-06
5816E91B-A1F8-4733-A504-0EBEC0695F36,BB484D6A-E418-432F-BC02-8EE83AACA26B,Metformin, Furosemide, Ibuprofen, Atorvastatin, Aspirin,48.88,2024-09-21
15463872-D8E9-49DD-A5E2-89BCF7AEDE41,74322242-2A52-4E7D-88F4-13BAB526C2CA,Metformin, Atorvastatin, Ibuprofen, Aspirin, Plavix,95.82,2024-12-09
8DC5A94B-C730-4016-A489-CA1CE8114BDD,1B911BF8-19DB-44A3-9300-D3D5711BE87A,Aspirin, Amoxicillin, Ibuprofen, Plavix,26.59,2024-05-31
033177CB-27B3-442E-BF59-2CCA9C17F761,81191201-30B6-4806-A3E1-499CB29A2216,Ibuprofen, Metformin,22.38,2024-08-14
8DCCFDA0-88FE-45A6-83B2-895BB0D359DC,D57C2B6A-EB5C-4DF9-B8E9-A446420FD8EA,Atorvastatin, Furosemide, Plavix,12.76,2025-11-10
24D5F9F7-EC0F-49DC-A166-9E00A5431B89,AE5F8871-34E0-4F48-B3B0-BD7921D09779,Amoxicillin, Metformin, Atorvastatin, Ibuprofen, Aspirin,20.28,2025-12-27
2D1B97FC-31B0-425E-BB33-21A853EC4330,17D93917-7C87-4F3F-8462-0A842BBC30CE,Aspirin, Metformin, Ibuprofen,81.81,2024-07-18
4E5C4328-EADD-43AB-BD9A-97A7759F86F4,D8A2E67C-78AC-48C3-8932-91E0FE52CBF7,Plavix, Furosemide, Ibuprofen,20.84,2024-11-09
8E56DA70-BEBD-40BB-8850-ACB722E61D99,CB7DB393-BD57-4F28-8045-08E683E4B9BB,Amoxicillin, Furosemide, Atorvastatin, Metformin, Aspirin,15.97,2025-05-27
046214E3-F061-4337-B9FF-81C4BAA5E9CA,47DB26D8-D1FF-4B85-A6E5-7ECFA344EC85,Metformin, Furosemide, Atorvastatin, Amoxicillin,68.03,2024-02-24
261EF7BE-26B5-41F3-B257-402C4595A7A4,01EA11E4-DE59-4FAE-90AE-22E0F51EA7B1,Aspirin, Amoxicillin,63.65,2025-05-01
7258F66F-191F-4EC2-8616-1BFEFEE24F94,E965FBAF-AFE9-479C-BD87-4DD4D3CE7F9A,Aspirin, Furosemide, Ibuprofen,40.66,2024-01-09
5C5B86FC-0146-4B93-B1CD-2360DF96BAB5,256B5380-2F31-4825-B5BD-290DED2CF239,Amoxicillin,49.72,2025-10-25
1CD16F48-DC70-4F92-9B35-57D6FD83669A,27D2E774-C371-4B99-B74E-7B680A84E04C,Furosemide, Atorvastatin, Ibuprofen, Metformin, Plavix,21.97,2024-08-18
D1E401F2-6A00-44D5-A7E1-40BD558C5B1C,A16BD082-DBEC-40EA-9240-9F86101D27BD,Furosemide, Amoxicillin, Aspirin,65.2,2025-02-15
D791690D-89C2-4556-8097-307BA33E1C8B,0D52A28F-9E5E-455E-8CE6-3AD5F965D976,Furosemide, Ibuprofen,19.36,2025-10-29
A2B5E296-86C3-4957-A334-A8A522BCBF2B,442B1BB4-B4BD-409B-B844-4E47937DB354,Plavix, Amoxicillin, Ibuprofen, Aspirin,28.43,2024-04-15
82567AF0-2D06-4050-8975-E6FFE4C0294D,ED1A2732-555C-4F9E-8772-CB99FD3AC698,Ibuprofen, Metformin, Plavix, Aspirin,22.49,2024-08-14
42ABE966-48F6-4926-B88C-870B59922AEF,0D081B64-7231-484B-89AD-DCE60E4737BE,Metformin, Furosemide,58.72,2024-06-17
C6FE26E0-4CE8-47BA-8016-CEEDDAB7E4FA,53C84DAA-4215-45E1-AD1D-BEE8B5AAD90B,Ibuprofen, Plavix, Aspirin,80.23,2025-05-30
5BEB3EDB-EFA7-46BE-97F3-145261684260,68F75FD4-2BAE-4A71-84C4-9A29D4A974F8,Atorvastatin, Aspirin, Metformin,63.0,2024-10-29
1263469D-3449-48F7-9258-AD352D2D6D1B,17DD33D6-C0F2-4B8D-9BD5-B0A7ABB14799,Metformin, Ibuprofen, Amoxicillin,93.22,2025-06-11
F62205C9-5BDF-464E-8EFE-0A1581349238,740AB21D-CB1D-41B6-BF5D-E10357CB5DCA,Amoxicillin, Aspirin, Metformin, Plavix,76.49,2024-08-17
F982329D-C9CD-40D0-800C-976D1A2F1ED6,F8B6E125-B4F9-4EAB-A62F-A66356D15BC1,Plavix, Ibuprofen,51.02,2025-11-25
A14D46E6-4AAF-4D1F-AA4E-F4080C82F431,E2807E09-078E-453C-A659-F5966FE81A0D,Amoxicillin, Atorvastatin, Metformin, Ibuprofen,90.02,2024-07-25
29A28EC5-016E-4021-9CA8-C921CC6EDE6E,CE71D33E-2311-4106-8A37-D1A782511B75,Atorvastatin, Aspirin, Plavix, Ibuprofen,95.37,2024-09-14
45CBB3C8-23D0-4D2E-97AF-00A3C743F28B,14AEA495-B20B-460A-B34E-5AC92111C899,Metformin, Aspirin, Plavix, Amoxicillin, Atorvastatin,96.83,2024-07-22
95DD47A0-19A9-4BD8-AD9B-B2A01466EEFC,EE5F466E-E605-4B04-B167-683158A760DE,Furosemide, Plavix, Aspirin,39.64,2024-03-06
C760A0A1-CD08-41FD-A1A7-4C3442FB21C1,A9E8FB92-05D4-4281-97B6-EAD4B533524E,Atorvastatin,57.28,2025-04-17
E3998E6C-FBD2-4C08-B84D-24C3A61E08C2,473FAEB4-625B-43CC-A967-ED43D6E3CB30,Plavix, Atorvastatin, Metformin, Amoxicillin,99.99,2024-04-21
C82C0F5D-BF2F-4F41-932B-3C85EE189F5B,25248D3D-EC66-47B0-A916-9DD27A9ED7B4,Amoxicillin,68.2,2025-01-22
AA0B948F-BF74-4A0B-B6F5-3D88D09166DA,A3DC39A7-8FC3-44BE-81D4-D64AE7AD39F2,Plavix, Amoxicillin, Aspirin,66.34,2025-04-25
EB902C06-1747-4AE2-9983-0C8AF9375EFD,69B1EE09-45E8-4048-8C51-5D8243298C1C,Atorvastatin, Metformin, Amoxicillin, Furosemide,46.68,2024-05-17
45C5D751-DEE4-460A-9563-D2F495E32B70,A506919A-8FBF-47EF-BE9D-1720CD492DE1,Amoxicillin, Plavix, Ibuprofen, Furosemide, Aspirin,22.06,2024-02-16
32DBF119-C528-49D9-B127-5CA768A3F404,4880FE99-3332-4130-90F5-FDADB7BAFABA,Furosemide, Plavix, Metformin, Atorvastatin,26.13,2025-08-12
F76486CC-6B9D-4F04-B71B-2EABC52E8BA4,A5786835-0C55-4054-A396-8C1545383BD7,Plavix, Furosemide,86.11,2024-09-11
B997BF8D-0B58-485E-AABF-D47A6FA58346,D8EEB236-F72B-46D5-8286-3E1BC41541D5,Aspirin, Furosemide, Plavix,58.21,2025-04-08
0B096314-94B9-404B-96E7-9637307DF344,A3203CC3-8532-4034-BB25-C14F8201AFC1,Furosemide, Ibuprofen, Metformin,68.07,2025-02-19
EE581B89-4642-4DCC-AF2D-553E27200DB8,56E0AA2C-78DD-419F-A6C1-03F6B94CA42F,Amoxicillin,94.28,2025-10-29
09CE0D6B-4DA4-4260-8309-E3AE16A48A13,9FECF15D-AE53-4D77-B9CB-3EDACD0022DC,Ibuprofen, Metformin, Atorvastatin, Aspirin,78.07,2025-07-06
5DFAB0BA-444D-4002-BEC7-5C469CE87ED0,58CDECE8-990F-489D-A413-C45C1581B236,Ibuprofen, Plavix, Atorvastatin, Furosemide, Metformin,64.97,2024-07-22
644EB0E0-E85C-4829-93D9-8B4261D7E9C2,09B9DCD4-2B85-475E-92C1-2C7E44051198,Aspirin, Ibuprofen, Atorvastatin, Amoxicillin, Furosemide,23.26,2024-01-04
9A884AAE-56DF-489A-B782-AFE71B22CD55,5738B8F4-30F6-438C-B0BE-A6943275BDF5,Plavix, Atorvastatin, Aspirin, Ibuprofen, Amoxicillin,33.64,2025-11-01
EA03A6AE-4436-48BD-9D11-0C074137DE52,3B5A0298-3B5D-49D9-BCA3-7677E4CD819E,Furosemide, Aspirin, Metformin, Plavix, Ibuprofen,83.16,2025-11-27
56C3DD1F-4001-4F2B-A342-3EAF65018D5B,03E273A4-FCB4-4308-9A11-9907E33BC4D8,Atorvastatin, Amoxicillin, Ibuprofen, Furosemide,55.0,2025-10-28
C708CFAD-DA62-492C-8427-6BAE27CEA1C7,F75E1E30-1E85-4593-8793-F7623C07B9DB,Furosemide, Plavix, Amoxicillin,63.34,2024-07-16
CD5DAF30-B66E-473E-998D-F4F84719F709,016D146B-0485-4A8B-A1C8-B63C2AAFF240,Ibuprofen,18.06,2024-02-18
C962B90A-8D5B-4F67-8CBF-FFC74F2C2EA6,70F75CEB-7AA4-4AA7-96F5-69FA7AB13660,Aspirin, Ibuprofen, Plavix, Metformin,7.47,2024-08-29
0795E0BB-EA77-411B-85D3-A4617DFFC213,AE38BA63-A383-48BF-8E88-9FD1AC77926C,Aspirin,89.87,2025-03-30
E67C5920-22F3-477C-B8DB-1F507B95D6C1,B3C25334-1EC3-4459-B6F5-5ECEC8E21FA3,Ibuprofen,71.02,2025-05-06
A08A6238-E13D-458D-BA1E-6F4E6D367064,91FC18FC-86A6-48E3-98EC-0E1A3DFE941A,Furosemide,51.02,2025-09-30
33D01ABB-181E-4F9F-97C2-B6CCFC035FDD,79574F9A-0C93-446E-BA5C-E3759960730B,Atorvastatin,93.8,2025-03-10
565C34B4-4068-48F1-BAB3-E067D5566047,7EAB39B5-3485-4CD2-8531-3FFBA2C08912,Furosemide, Plavix, Metformin, Aspirin,47.01,2024-02-15
11DD2965-5996-4BCD-950D-515C12611771,EC47AC5B-5D97-4CB6-AFD0-719534A08081,Atorvastatin, Furosemide, Amoxicillin,78.24,2024-11-19
BCF6F792-6668-4CD8-A331-57B66201C76E,FB34C928-61F8-416E-B830-9A33512BA271,Amoxicillin,74.76,2025-04-09
93025795-9572-4E29-96FF-7D89C6848E1A,71F31607-A9DD-4530-804C-E07C3E4A90F5,Plavix, Aspirin, Amoxicillin,9.42,2025-02-06
84728F7D-6B0E-4C56-AD63-620E9E1E950D,FC024FA1-8CD1-4F8D-AE3B-EC7515126731,Ibuprofen, Metformin,81.7,2025-04-18
567D94FB-A5BE-4242-BF44-76406FDBD09A,49D0211D-78B7-4394-80E7-CCA9010C7EBF,Amoxicillin, Aspirin, Metformin, Ibuprofen,47.8,2024-02-10
940BD519-3DCD-445F-AD13-B71618DB4452,7238DCA2-8667-4A5E-B2F1-485A83ABF750,Metformin, Ibuprofen, Aspirin,19.44,2024-07-16
6B81C268-8A4C-4046-A274-3D1E97EBD51B,E40D81C6-8FFF-42EC-BDAE-159096A1BA05,Ibuprofen, Amoxicillin, Atorvastatin, Metformin,7.95,2024-11-19
D4E809AF-3399-421F-993B-CE4738793CAA,3D7B901A-5372-42CA-B34A-63CC9A4BE66E,Atorvastatin, Amoxicillin, Furosemide, Ibuprofen,17.63,2025-01-05
F7EDB6FD-8504-4C74-BE90-B8E3C915B636,D6DAE3E5-2FC1-45E9-ACA3-256347E14271,Atorvastatin, Amoxicillin, Metformin, Plavix,76.66,2024-12-05
7745EB62-8124-4B8A-98BD-54CE6E630376,253C9A8A-7983-4ADF-AACE-A2D938F76D9A,Plavix, Aspirin, Furosemide, Amoxicillin,31.33,2024-11-06
4B610559-4750-4E4F-8708-092C829F8B4A,9E651E03-9978-468E-A55D-EB6C1BD66950,Furosemide, Plavix, Ibuprofen, Aspirin, Amoxicillin,81.72,2025-02-28
421B0806-440E-4121-B0EF-CBFB7724FD01,6F9C23D0-8C17-45CF-9CD1-67A15E0627CD,Furosemide,44.13,2024-04-19
21B4C16A-EF1F-4AD0-A93C-2054FB806B5B,B43B6526-F9F2-4536-8A10-3BEBBA0B15E2,Amoxicillin,23.8,2024-03-28
3E2CD404-9777-4CEC-AD75-0B018A43DF57,7FA3E4A6-36F0-4B23-8DB3-99A9D1A6F1E9,Furosemide,63.74,2024-12-22
2589382F-9F59-4AA1-A354-F2CF04C7C449,70B27465-3978-497C-A8D9-E2B2A3F8F2AF,Amoxicillin, Plavix, Metformin,66.95,2025-10-23
276F1FCB-4AC7-47AC-822E-F9FCD27A231A,41586D63-C7C5-4A40-9EC9-39A678981F09,Plavix, Metformin, Ibuprofen,2.42,2024-10-29
6E8F9615-4ADF-4501-805A-58E968CEC33A,B0B71FE9-1AD7-4C2A-8543-9551AD76A377,Metformin, Atorvastatin, Plavix,88.98,2025-11-15
E09506B7-E692-45E3-B347-4DDF2C7EA76E,C8A2F043-AB88-4181-9D40-69CF15394C97,Furosemide, Metformin, Aspirin, Ibuprofen, Atorvastatin,75.94,2024-02-27
A9567B63-A97A-4D64-9668-52B6B18F84C2,DFD8785D-DF91-4DEB-A925-9685D6617123,Plavix, Furosemide,97.49,2024-03-17
27A62F11-BC6E-4EA8-B5F4-D15E096008B3,1D794E4A-F8D6-477A-8AC8-8D0145CE9B72,Plavix, Furosemide, Ibuprofen, Amoxicillin,3.58,2025-06-14
1B9E443B-40BD-4384-8145-4540B47ED120,9417E6AA-37B9-438A-A8EE-802FAD65611E,Ibuprofen,7.6,2025-11-14
BA46CB3A-66DA-4C1A-8703-CDC3DD40EF83,EFDDFDE4-B433-498C-87A2-376879DACF13,Amoxicillin, Metformin, Ibuprofen,49.24,2025-02-06
6DAABC2A-4165-428E-B7DA-ABCBCD11A0BC,FFD271A0-1723-4B0E-AFDE-6362FA6E0570,Aspirin, Furosemide,91.26,2025-09-13
20DE7E00-0BDF-4070-8672-71E0CCF5D492,D6393442-A83D-40C4-A046-F591CC3232A0,Ibuprofen, Atorvastatin,45.71,2025-03-05
821CA49D-E405-4FF6-9471-F813812E2979,3B01FD41-256A-4B84-A57B-0AA496569826,Furosemide, Amoxicillin,5.49,2024-01-21
3507D08A-1E7F-4357-86A2-7BB1273F82B7,C0849A03-3C5D-425C-AD0F-66E796F8177A,Aspirin, Atorvastatin, Amoxicillin, Plavix, Furosemide,44.35,2025-11-03
BEC0D21E-1C9A-4C5E-A2FE-F38FD0A92FEE,7DC07F8D-EAB5-4A12-9323-422B1BC71E0D,Atorvastatin, Plavix, Metformin,16.17,2024-05-27
7E4B0352-BB9A-4E66-BDB6-BA931577429F,9D25EB4D-CE82-4ED7-8F99-84E9ABE56E71,Aspirin, Plavix,54.96,2025-12-16
C7B945F0-C798-47EA-8282-A9188D8622BE,25CCB2B9-63D0-47BE-83D2-D748A710CB6C,Ibuprofen, Metformin,19.0,2024-09-14
58835F08-9E18-488E-9424-D9A6DC6D5AE3,CC995057-8D7F-44BA-A1A1-B8CF4F3BE75C,Metformin, Aspirin,38.34,2024-09-23
6CD9DDED-CB90-40DC-A551-3344C911D6BD,08603C83-7E90-471A-9D48-DE2091128CA8,Plavix, Aspirin, Amoxicillin, Atorvastatin, Furosemide,59.22,2024-02-14
B748DDE4-9BAA-4E83-8A6D-E128741E9F48,BABED424-CC7E-4D1E-A7AD-B209D777D8F5,Ibuprofen, Aspirin,61.91,2025-02-04
D4F68188-7A89-480B-AD8D-7320791D816D,A3169F63-3F64-460F-8856-E96AB91507C2,Metformin, Amoxicillin, Atorvastatin,57.82,2024-12-18
EE5E2325-232C-44AF-A461-4B5BDE87FB5F,23BDF198-178D-488C-BAEF-712F0B600240,Amoxicillin, Metformin, Atorvastatin, Aspirin,98.29,2025-12-25
46600DA1-6CED-4EC3-AF1E-4A2075ECE765,889008B4-EEA1-4C94-A0DB-8F1C0E3CD4DC,Aspirin, Metformin,6.56,2024-05-07
D8242F80-0924-452B-B35C-AB207FAAC074,AD77B2CA-B7F0-4951-9E0B-EB07551265A4,Ibuprofen, Amoxicillin, Furosemide,48.63,2025-04-05
1FECB0B6-417B-441E-9A7D-890F9BDDDCA7,40A71244-8D0A-4B74-B113-9D005BE564B4,Plavix,81.42,2024-09-15
D40AB64F-FBFA-45F3-9ECF-0764F8DDF75D,962E4A5D-EAA7-47F2-AB04-F631D2C13597,Ibuprofen,48.64,2025-12-15
C7C3CEE7-3181-42BD-B30B-174844608FBB,A864C86E-FF02-441C-B2D8-01F1ED501B6B,Plavix, Atorvastatin, Amoxicillin, Aspirin, Ibuprofen,79.27,2025-01-01
F0689380-E5AE-4714-98AD-01565BAFBF12,3FCEF21E-4640-487B-86A7-7801426734FC,Atorvastatin, Metformin, Aspirin,68.37,2025-12-26
BED2DE67-F022-41E6-B173-1EBEB47B04D2,44D3530C-59DB-46E9-B812-206D420D05BB,Plavix, Metformin, Furosemide, Amoxicillin,35.44,2024-06-12
E85A502D-6A6F-4B6C-A106-4C0A793818D6,15D7EF65-2F06-40A4-8856-689E15F4A9D2,Plavix, Atorvastatin, Metformin, Aspirin,72.38,2025-01-01
508016DD-F860-4A9F-A615-EA7FA826BD10,0DD7B48A-04BF-470C-8DB9-B515D12D0D72,Ibuprofen, Atorvastatin, Amoxicillin,71.74,2025-09-13
542E44E2-E120-4B4B-ADAE-21C96C58C855,FC223C72-AC1F-4330-8B52-A0595750E075,Ibuprofen, Atorvastatin, Furosemide, Amoxicillin,39.29,2024-11-26
721CCD11-37B3-4269-8D4F-BF6C4032799E,1826E9DA-E1EA-4692-8A37-730D05DC609E,Amoxicillin,11.65,2025-06-13
8AE4284D-2069-4B81-8E29-5E9ADA21A989,06EE0DDD-8904-4982-9537-FBEBC38AB245,Furosemide, Aspirin,91.01,2024-10-23
52D044EC-AEFE-48A6-BC38-EDBB2B912FC8,922F4187-AA03-4CBD-BFA3-425DC6C1F10B,Plavix, Amoxicillin,96.56,2024-07-08
5B36A875-99FD-46B3-879A-DCF734AABB08,B673C3B7-C0DB-4758-BFD0-B0C1C17ECB5A,Amoxicillin, Ibuprofen, Metformin, Plavix,48.03,2025-01-09
78B7B2F9-6DC4-4665-B837-CA96BD8E838F,D6251206-4C91-4588-90D3-3581DAD0FBFD,Amoxicillin,20.36,2024-05-09
18D65C63-30C1-4DFC-9E98-A858E4986CDB,8CCDBFEA-4A96-4F9D-9583-71294DCD43A1,Atorvastatin, Amoxicillin, Ibuprofen, Plavix, Aspirin,62.35,2024-01-18
966827DE-3764-444C-BBCB-EF191B1FFA13,12675DDC-B8BB-4AB7-A5C5-0017E3EF3926,Amoxicillin, Atorvastatin, Furosemide,38.23,2024-03-04
83A09DFF-A75C-49CD-9E43-4775C77B34FF,99766240-2EC7-4691-AA14-F9E978484C18,Furosemide,5.82,2024-02-17
B5E6C526-8433-4ED4-AB09-3B23C10C137C,9D1914B7-3BEB-4736-91E1-A16D59B2B984,Furosemide, Atorvastatin, Metformin, Amoxicillin,93.33,2024-08-16
DBCB68CA-BED3-4226-9DA0-366994362732,99E748F4-94C5-45D6-AE4B-758ED3360784,Plavix, Atorvastatin, Metformin, Aspirin, Furosemide,94.28,2024-09-21
458AAB58-AB16-4B6C-9478-EF910E15BA14,7A787AB2-D935-403D-B92C-BAFA0FE001FA,Amoxicillin, Aspirin, Atorvastatin, Metformin,1.34,2024-11-19
2BEEDE0D-53E2-4737-8E81-3ED020569AAA,ABD09A5F-1D56-4023-93E1-E25DFAE94D7B,Metformin, Plavix, Atorvastatin, Ibuprofen,4.96,2025-02-20
50680941-8F21-41D0-84F7-C527726CA75D,17031F9F-4CDA-4A28-9DDA-C83726129A75,Furosemide, Aspirin, Atorvastatin, Ibuprofen, Amoxicillin,52.2,2025-11-18
0F721705-EFA5-45B0-9639-1489EBF1140C,DC41BBFD-3B82-46FB-842D-299CF4FC9FF0,Furosemide, Aspirin, Amoxicillin, Metformin,35.96,2024-11-26
B4E1FEEA-9B56-446E-9082-F208AA3774CA,08EF65E5-8664-4D27-91D2-58EB7D479A3C,Ibuprofen, Atorvastatin, Furosemide, Aspirin, Plavix,87.02,2024-10-27
24AE0423-4C44-416D-A59E-6DAC11389E6C,BD938BE0-3578-4E2A-8D11-42AE5FBD0E02,Aspirin,75.3,2024-01-15
A965BC54-81F2-48C0-8920-1B1C3D5B75A2,3C122DE4-682F-4D9C-BA97-BC606B80C006,Furosemide, Plavix, Ibuprofen,21.01,2025-11-21
10091E4A-5A59-469A-A93B-F7E807286EA4,8485D6B8-A669-45D6-83A6-A32820013E1A,Atorvastatin,46.13,2024-12-26
00C118F8-9E75-4C1B-B7A5-D4EBF608E967,B6A806F2-FF19-445D-9D95-B53A5E2D422B,Plavix, Aspirin, Amoxicillin, Furosemide,91.13,2024-10-22
8A91AB6A-19ED-49FB-B47E-30A6534D53C7,EC958868-F4FD-45BF-B666-E06838B5B11B,Ibuprofen, Atorvastatin, Metformin, Amoxicillin,35.55,2024-07-17
99C80156-4266-43B3-8971-C633C64F4681,72A7FD49-7259-4DF8-B184-9ABB81521765,Amoxicillin,97.97,2024-01-02
7A8282D7-D655-4A1F-BB4A-D3F5E0A983AD,9767A5CE-498A-48D8-8545-3E99D2C3C623,Ibuprofen, Plavix, Aspirin,67.28,2024-08-21
B8B71657-C948-4D7C-BE9F-5E0FCDE48AC6,EA97A1C7-1432-4F54-BC9E-B4287B8B0408,Metformin, Atorvastatin,7.96,2025-03-11
A3DA3DE9-5782-4ED6-830A-F2D21987374B,AD665AC1-6E06-4C1A-B626-6F6E906BACC1,Atorvastatin, Metformin, Furosemide,94.33,2025-11-25
2DCCE072-F2EE-44ED-AE39-9B84943577AA,FC184E6A-90E7-4AE5-8F11-B71F7A7CC786,Atorvastatin,59.73,2024-04-29
A65415A6-ED35-431B-BA75-4BE4E6FA2145,C8332107-1381-48A6-99A1-66D9AA6D9B41,Aspirin, Atorvastatin,85.88,2025-09-06
902B5A4C-4988-4B45-A13F-DFDDF59BCDE3,805D7955-6F7B-49C0-B129-3ADD09BAD741,Atorvastatin, Amoxicillin, Metformin, Plavix,43.15,2024-11-12
03A03ECC-1486-4A4F-99B1-82E342EB58B9,F5F65CA7-198B-4BB9-BA8B-9BBDFE042BE9,Plavix, Furosemide, Metformin,64.17,2025-02-07
386881AE-D2AB-410C-A5EB-9DBB5FB0CFA4,D6BF2E6E-CCA9-43FC-8122-C8FE005DEFFB,Aspirin, Plavix,37.76,2025-11-29
C4B864C6-B340-4280-8B0C-B7931C832C2C,0DE31AD6-9CF0-4282-85ED-7771BF6764E8,Amoxicillin,53.39,2024-03-02
2C7E726D-CCE7-4CB0-87BA-BAED060FEB6A,FA3D178A-DA0E-4544-AE54-9A235B34C7EE,Metformin,72.03,2024-02-23
545B5FD8-68F0-466F-9A23-A09F45D621E5,F41A8D22-9CEF-4172-8117-BA01388A8E25,Plavix, Aspirin, Furosemide,40.77,2025-08-14
FC7A87E4-D132-4E23-9565-DCC13B0840FE,443AB295-8156-407D-ABB3-A0ED8BC3B4FA,Metformin,50.35,2024-01-25
22190297-C9F0-4821-82C4-BED3A6A9442D,02A8E159-E4C0-40D3-8DC7-F798D971848F,Plavix, Metformin, Atorvastatin,33.7,2025-08-23
76928932-3BBF-4678-B5DD-B12188A0E438,18B62A59-359C-4D01-AF76-1E2C19AA7C77,Furosemide, Amoxicillin,22.48,2024-02-09
9C3B9034-8A95-40A2-8A67-74420789A65B,1E934240-51C3-4040-909E-8B6D8E801580,Plavix, Ibuprofen,24.89,2024-09-26
72EEBD80-AAC9-4E4A-A6C5-CE17AB97C41E,CE2F1E06-4702-4739-8C51-2671D5E1FFDB,Aspirin, Amoxicillin, Furosemide, Ibuprofen,8.82,2024-10-27
218C39C0-D0E5-4771-987C-904D608C54E6,F7918CAE-752D-40A7-9F09-3C37A21F5282,Plavix, Aspirin, Amoxicillin, Ibuprofen,72.1,2025-02-06
F2005C27-AA8F-489B-9C6B-9B64A1CBCA40,664A77CB-6D7C-445B-A147-5EE5E9561D0C,Plavix,68.02,2024-05-18
7DDC2079-1242-4597-999A-E22CBC096803,BEC1DADF-6A25-41F0-B77E-DEC1ADFA27A0,Aspirin, Plavix, Amoxicillin, Metformin,73.67,2024-03-15
F1C08F41-7453-48F1-8101-4A4F5258E036,6D5C22A7-A6EF-4E32-8E6D-B12F5D432CC9,Amoxicillin, Ibuprofen, Atorvastatin, Aspirin,22.65,2025-04-17
638BCF25-34B3-4AF1-BCBA-C9C6D2D65416,909D0B2B-6F4B-4A2E-B703-A9E9D1CF7A6F,Ibuprofen, Atorvastatin, Furosemide, Aspirin, Metformin,55.63,2024-06-16
1D43DFC9-3E2E-4C28-B5C0-08FC83F78DAD,C308718E-B6CE-49AA-8D2F-482F82A40AA2,Ibuprofen, Metformin,31.57,2025-06-02
27272922-2FBF-45F3-BD79-06B61DBC98B4,5DEC9A0E-778E-4E38-BCBC-59732DD37064,Ibuprofen, Metformin,51.17,2024-09-16
A66C168B-4812-4C63-8467-7BB5E3DE0854,521154F3-ED78-4564-8A5E-C157176CCF99,Furosemide, Atorvastatin, Ibuprofen,68.85,2025-05-28
B7EB1B71-AD45-41C3-9BF7-F021E6F60EF6,5F4CF237-8864-4781-B9D7-BCD70BD7DAA4,Plavix, Atorvastatin, Metformin,75.78,2025-10-14
EE75618A-50D5-4222-9B69-C85CC4A45F0F,561E56E1-DA5F-4BD8-BC94-9E031F862821,Amoxicillin, Plavix,52.5,2025-01-19
52C13261-9377-4006-8D7B-B529AE46927F,3646D0F3-B780-4290-A652-1A7FAF74F951,Plavix,9.06,2025-04-26
467F8556-7F59-4A83-875A-0861790FF7D8,07F01480-3155-4045-B85A-40503F04FAA5,Furosemide, Metformin, Atorvastatin,68.64,2024-04-28
496CB920-6586-4633-A057-709FBFAEE68C,28B211DA-3AFF-404C-893E-7096F5E69F73,Furosemide,49.35,2024-08-05
BC7AE206-4360-4C77-B682-DFE84413A163,37ED9150-A4A9-4209-B241-9DDB24834D20,Atorvastatin, Ibuprofen, Metformin, Furosemide,79.35,2025-02-10
28B95CE2-0B11-4754-8353-4307B9C153DB,74893456-2F86-421A-A097-2C43F69244D0,Plavix, Atorvastatin, Metformin, Amoxicillin,93.15,2024-11-08
8F63929D-F303-4CCB-B9E2-D02D9912BA51,51EB7BAE-98DE-49AC-ABE7-68A7915EC675,Aspirin, Furosemide, Atorvastatin,70.35,2025-05-31
B687F95C-5BF6-4547-884D-D86ED6E46B2A,65AF0B4E-D877-41EF-A86C-5937BE9A6622,Atorvastatin, Plavix, Ibuprofen, Furosemide, Amoxicillin,13.32,2025-03-16
FB398EC3-12CD-47CB-85F1-B7E3A9D55A42,0B5422E4-1F84-499D-8023-82935A3495A7,Metformin, Plavix, Ibuprofen, Amoxicillin, Aspirin,52.18,2024-11-24
6ADBE919-98E2-4383-B66F-972FC136C54A,FFD0BCF5-2104-4B15-90E1-023AD72E6720,Ibuprofen,24.77,2024-10-28
7B87A444-9FE3-40E5-9A77-860AB480F10E,58372612-3F7E-4E81-8F2F-A24066E947A7,Atorvastatin, Plavix,54.74,2025-08-30
02640654-1FFD-476C-A3DE-947940174D79,153824A9-CDE6-4C52-8132-ECA042743949,Ibuprofen, Plavix, Atorvastatin, Furosemide,73.9,2024-12-15
C0E88E6F-EEC7-4F38-B8FB-31233A64762E,482F77B1-3B6F-4AB9-B3B7-E006AB344C22,Aspirin, Metformin,55.09,2025-02-20
DBD95784-4F1A-403A-B62E-615074C2B330,3788AA24-58F9-4FE7-93A3-0ECD183D3316,Ibuprofen, Plavix, Metformin, Amoxicillin, Furosemide,1.73,2024-10-25
C874FF90-0563-408F-81A5-F54E2E4251D2,DBE37C5C-87FD-4EA8-8D08-993BC6F234C0,Metformin, Furosemide,2.36,2025-10-02
82CD7023-3892-49B7-AB51-131708E84C42,6F4A1A40-DA49-4614-AF36-5ACB0CD2AC01,Amoxicillin, Metformin, Ibuprofen, Plavix,87.67,2025-03-23
5BDE0F6C-4477-4839-9748-753D256750A4,B7B490A1-2EC8-4ABF-B63F-AE30BC3F6CD7,Plavix, Ibuprofen, Amoxicillin, Furosemide,9.91,2025-02-08
3BEDCD47-C5E8-4883-B3A5-CE4AC684C221,44957155-FDAD-4707-BD5D-90BB037B3EFD,Ibuprofen,43.76,2024-08-12
807B61B9-17C7-4D12-9766-C4E89A4B8E85,16B19373-097F-4B30-916A-A6F5BC8DC867,Furosemide, Aspirin, Metformin, Plavix,44.65,2024-07-12
8FB09A24-CD66-4600-988E-6CEB8126FFE3,673CAC99-099C-4327-A011-529265508BF8,Ibuprofen, Amoxicillin, Furosemide, Aspirin, Metformin,96.6,2025-08-20
89FD9CB7-0D1D-4EA6-AD55-6BA4FB6292A7,EE1C8C47-90FA-4659-A8E5-C15BC988210B,Atorvastatin,76.5,2024-07-12
93C305E4-8D4B-40D8-B14B-159BEC1756FD,DC3E8B94-5B4D-4902-9A87-B10628D2E16F,Atorvastatin, Metformin, Plavix,51.83,2024-12-12
08B1B2DD-A15D-4C9A-B67F-CB6A507C029B,8A3D4434-9F45-4ED5-BDFD-0290FF2D3775,Ibuprofen, Amoxicillin, Furosemide, Atorvastatin, Metformin,87.84,2024-04-16
DC251DB2-50F6-4BE5-B608-0C748367284B,DC446CBC-402B-4038-B2FE-08427E15DB47,Amoxicillin,2.47,2025-09-05
76564F28-67B8-45FE-B15E-9974D181C8DA,91B28FB7-74BB-4F31-8BD3-2D0502C19539,Ibuprofen, Amoxicillin, Plavix, Furosemide,18.76,2025-08-08
6F24ADA9-9FA0-45CC-BC94-F84884580DA0,BD595784-E27A-4B02-8758-B4B44759278C,Amoxicillin, Atorvastatin,88.07,2024-11-13
3E293DC7-A23B-4349-BDD0-DC897320A214,8A278FC8-8347-4A02-9C93-E9518C6A3088,Atorvastatin, Plavix, Furosemide,99.87,2024-05-21
C1BF81B2-0604-430A-B961-C39FF029888F,2CB11A7D-ABE4-47FE-ADA6-C68BB1004D49,Amoxicillin, Atorvastatin, Metformin, Plavix,40.13,2025-07-15
266462A8-5B6A-48F0-A5F7-E689783072AB,CA536E4B-F076-4677-9C64-EFEA2191E553,Atorvastatin, Metformin, Amoxicillin, Plavix,67.42,2024-01-24
2A09D9DD-D74C-42F5-B8A8-770E446A5777,7FEC5799-D701-49E0-B43A-3864D98971ED,Plavix, Metformin,21.86,2024-01-17
F97BBFBE-559C-400C-8939-D0B47C6FB467,A7383D02-0F94-4513-9451-F3B1AA0CB76E,Furosemide,78.94,2025-04-03
E7ED3938-1E1C-4C59-8B17-6F26666E00B2,D21060F0-559B-4414-AD3E-125BF0D0F6CC,Ibuprofen, Aspirin,57.07,2024-04-08
C463FAB9-761D-46F6-884F-DDB3195AF126,43B40DBC-7AC9-4B4F-B954-DC803FA9F9AD,Furosemide, Amoxicillin, Aspirin, Plavix, Metformin,25.83,2025-01-03
35393CFC-B550-41DD-B9BD-B51990B223BC,1033802C-2480-4D2E-961C-60C4FC202BA3,Plavix, Aspirin, Ibuprofen, Amoxicillin,39.39,2024-02-03
9534422E-FCBA-4B28-BA4B-7F7B77251CA2,EE245813-6F9C-445D-826C-21C05FC11C2E,Metformin,65.19,2024-08-23
63BA4584-AF5A-4A81-BBB1-D8F5FB177C95,913E1AAC-E0BB-48DA-A933-5CE962D29D6D,Furosemide, Aspirin, Atorvastatin, Ibuprofen,66.56,2024-01-20
915DAF53-C692-4B53-9D8D-69FA982C9843,94349FA3-5DFF-46FD-BE3F-4B5353BCA0C1,Furosemide,29.37,2024-06-12
0D4753FA-A04D-4E50-8E37-0CAAB3CD6C25,FCB73FAB-CC62-4ABF-BB44-4A12C44661D4,Aspirin, Furosemide, Metformin, Ibuprofen, Plavix,85.48,2024-06-13
6FC023ED-9329-4BB3-BFED-CB6C34686E18,5090646F-65AA-4BCF-99FD-07D023D195FB,Amoxicillin, Plavix, Ibuprofen,55.69,2024-03-28
8493084E-3485-495A-9C74-8031A090D438,C1C5562A-7578-4BA0-88B7-8F6B3E3885E2,Atorvastatin, Plavix, Metformin, Amoxicillin, Furosemide,25.32,2025-05-22
E3D8BBE9-3ACB-41A1-8778-72E7E863F49D,181ADE7A-8E35-4998-A631-211F86FCD87A,Amoxicillin, Atorvastatin, Ibuprofen,92.65,2025-03-11
EE3BF8BB-B1B4-4A49-9960-7711A0A75270,E201EB05-450C-4808-AE8C-C88A686AB637,Ibuprofen, Aspirin, Metformin, Amoxicillin, Furosemide,13.31,2024-03-26
2AA08746-FE88-4C5B-8812-30000BF388FF,F676046E-7598-426D-A0AB-A8E21E374E68,Plavix, Atorvastatin, Metformin,55.03,2025-03-08
7F223BC7-62B5-4BC5-A1F3-EC3D522E8727,E78539E1-52DE-40C9-84A2-75AAF1275061,Amoxicillin,7.37,2025-09-04
ED42DE48-975F-46EB-A01A-BCB8E8D16EEC,885A83EB-D0A6-421B-B6B5-F9CEDE165E02,Metformin,9.22,2025-11-07
4A981F32-339F-427F-A667-CF76D647BF33,695DD0D3-E673-420E-A099-6F361F8D03C4,Amoxicillin, Plavix, Ibuprofen, Atorvastatin, Furosemide,81.3,2025-07-21
E0596A19-34CB-4FC9-8027-1DD5AC0C5676,65C3E2AA-FB54-4049-B64D-0ACE6006E21B,Metformin, Ibuprofen, Plavix,61.16,2024-09-12
9E5692F5-7F8C-4A9B-A6C2-1DB14E78D069,E6276A21-94C7-44D6-9931-62E2F04D6D6E,Metformin, Aspirin, Amoxicillin, Plavix, Ibuprofen,48.29,2024-06-05
9E0C4E22-26E5-41CF-838A-7F549A15329F,CB1748CE-12B5-4DF9-8A50-08B8C8ADFF2C,Atorvastatin, Ibuprofen,20.95,2025-12-01
B2DD7B44-AAB0-4ED6-A224-6019D953EF37,F956662C-1F90-400B-A462-6B7B0811AC06,Metformin, Ibuprofen, Aspirin,87.69,2024-03-28
F103C231-CA8E-4E95-BE8E-0ECE8CE1EA9D,E5A09F14-A09E-40AC-87E7-04B2DF0846DA,Plavix, Metformin, Furosemide, Atorvastatin,93.99,2025-04-29
0AB602CB-D3A2-4A42-B089-12EA1B3B7007,E3B20EC2-F4A2-48CC-946B-ABC9069402EC,Amoxicillin, Furosemide, Atorvastatin, Ibuprofen,37.46,2024-08-01
710BD9DA-DC76-4C51-99AA-4D84758A73A2,2150B401-9A7D-438A-9D5F-01E2E728010D,Atorvastatin,44.99,2025-08-21
6C93AFA7-68C0-42FF-B630-99FFCD728033,9E33D2D5-0396-4D0E-AF3F-094EAD0383C6,Metformin, Aspirin, Ibuprofen, Amoxicillin,4.97,2024-05-21
9B835F19-51C9-4086-BACB-1938C3EDB567,F292CF3A-0D22-4E80-B6CD-6EB7F7C3FB5C,Metformin, Aspirin,46.01,2025-03-21
F9C7F6A3-EE00-4632-830E-DF5F795FEC56,71D8014F-F520-4EF3-B163-CD3BCBE00E6E,Plavix, Ibuprofen, Furosemide, Metformin,26.61,2024-10-20
46029556-540F-492F-9742-3F134BAAB613,E276AD74-5DD0-4507-8177-6107FC357D96,Amoxicillin, Ibuprofen, Aspirin, Plavix, Atorvastatin,68.87,2024-10-06
6CF77E80-F57D-454D-AC8D-67AD298FFF22,D32C07F3-7DAF-4C6A-A9F6-D36856BDC1B3,Metformin,64.6,2025-07-25
807AFD65-D99E-42F6-B16E-6875504E0EA2,C3C5C128-3B9E-48A1-AE72-43E1F5269844,Furosemide,49.64,2024-04-06
7F1540CF-C77A-475F-B677-4FAD2479E64D,EA86E1A7-1FA4-413D-AF44-9117305BB0FF,Metformin, Atorvastatin, Plavix, Aspirin, Furosemide,62.57,2025-07-18
4711079B-A871-47EA-98F1-0F305627F938,335213C0-49BC-4DB8-9396-1ABCECB5C093,Furosemide,19.17,2025-05-06
52255564-FDD1-4530-84CD-7947582762EE,8883F95A-132B-413C-84CB-C247613E8008,Furosemide, Atorvastatin,37.32,2025-07-02
C42A9031-C2DF-4936-B0D4-BD9A6F727124,1A272E6C-9326-4B2C-A0E5-97FC4C385F3D,Aspirin, Furosemide, Amoxicillin,28.3,2024-04-22
4CA4BD78-95DA-4322-8FBC-3B399F062437,252E61E9-DCD6-4853-A691-8CD5A43486E1,Furosemide, Metformin, Atorvastatin, Amoxicillin,61.82,2025-05-04
84071C1F-A679-423D-92B0-714BCAC0A929,0308FFEE-4E4B-44C6-A3B0-88EA2C4D2FD2,Ibuprofen, Aspirin,52.54,2025-06-06
ECE7EE66-8BC3-4F80-A2D3-A8DF84BABA69,A78ABFA0-6593-48D4-8418-8C1907735546,Aspirin, Amoxicillin, Atorvastatin, Furosemide,10.89,2025-01-30
9AF21AA9-90B0-4E55-A8EF-550A7F0B8CDB,67515BF8-BE9F-44EC-95A0-714E3B7A9F8D,Amoxicillin, Furosemide,82.41,2024-11-19
C31F5551-D528-440C-A8FB-97ABF699E698,B2018BAA-CEAD-436D-87C1-218FD094FE49,Metformin, Ibuprofen, Plavix,36.69,2025-01-22
4EA5D0CA-DC2E-4D44-96A2-4A4715CA2279,9EE9D1F1-4443-4C4E-956D-43256CCCF148,Metformin,90.07,2025-12-07
4BEFF53F-0291-4E54-8B0A-01F3CBA60959,0FDB19AC-42E9-4808-AADB-035DB596853A,Ibuprofen, Furosemide, Metformin, Plavix,90.71,2024-07-10
EE94DB2D-1DB1-4F1D-B085-AE80DD871501,619FD5DF-6450-4542-B7A6-0E2AAB810965,Ibuprofen, Metformin, Atorvastatin,39.85,2024-07-15
31D452B7-2B79-4C9F-B807-A4A035772903,0BC16392-FEEC-4192-90A6-50A92434A9F7,Metformin, Amoxicillin, Atorvastatin,49.87,2025-08-13
C038211D-697F-4C61-84A9-B4EA938ADD61,8B2773D6-0B4F-49E8-8AFB-13D0A7E30554,Aspirin, Atorvastatin, Plavix,51.23,2024-07-18
C0637E1D-9FA6-4C3C-A7E8-1DE6C202958A,629DB4D7-6233-4B25-92FB-BD261274CAE9,Ibuprofen,96.69,2024-04-20
098D686E-501F-4406-9135-65A07F86D1EC,7E34C6CB-0DA6-45E6-BB6F-49AAFF1A9639,Metformin,21.28,2025-06-06
E4AE6B78-61C5-4D10-9AF1-2CF7B2B44A17,053EE8AF-C8B2-4B00-82BB-695FBE1BEB1A,Amoxicillin, Plavix, Furosemide, Atorvastatin, Metformin,8.48,2024-07-29
5FEEE18F-82F3-46A3-9218-42547E5BD951,09BF192A-6949-4498-A023-0F8BA01A0F96,Atorvastatin, Ibuprofen,29.15,2025-12-02
C2081958-EC94-4116-84CB-44BB564DE421,D7CD3154-EBA5-433D-9ACB-4DD660E8C604,Furosemide, Metformin,96.75,2024-11-23
0F54BCBB-C620-40AA-A702-940E11C77C35,B6C51BA9-4F4D-48A5-865E-F1B167F62621,Ibuprofen, Amoxicillin, Atorvastatin, Furosemide,32.21,2025-02-13
08B05854-52BA-420D-A5D0-B5FBCF6EC235,80C55065-7C0F-4D57-B47C-BA79A1E61D42,Amoxicillin, Furosemide, Atorvastatin,19.12,2024-08-28
E0E68EAD-3A2D-4E42-AC02-9C0F5734CEF1,E8A3FA33-C7A0-4DF0-BAE1-07CEECE19393,Furosemide, Plavix, Amoxicillin,38.01,2025-01-28
094ED2E5-65B4-4C71-A79C-CFDAADBE4BDD,3EE89D37-3941-4813-BDD6-1A7F634C8680,Amoxicillin, Furosemide,37.2,2025-04-16
9C7393FA-7DFE-40CB-8E2C-2D0671EA5885,1FCA07EA-FEAF-4EDD-AF9E-842FBD0EBD98,Furosemide, Amoxicillin,82.22,2025-07-14
EA3AA488-A7B2-476F-ADE4-FB72BA786BE4,82374380-FFFA-4E14-BE83-DD8B7E4F1D1B,Metformin,84.06,2025-04-07
96F8F5EC-4607-4E44-B4B5-CE833DB1CFBE,159EC009-0034-4EBA-8795-582DEB606DD0,Ibuprofen, Aspirin, Amoxicillin, Atorvastatin, Plavix,48.41,2024-06-06
B01BFB40-0023-499C-90F5-7D7993F8D709,C7A2E89B-1CD1-46D9-94F5-249C818C57D0,Amoxicillin,30.13,2024-02-26
2B52DA45-8B6D-40E2-9FFF-4A933E533577,8D6D5A51-B365-4599-8324-8591DDA90A1E,Atorvastatin, Metformin,28.07,2024-11-17
F57BA4D8-BCF0-4C48-9C5F-CCA38A861FC4,3394F37C-1562-476B-A50D-D0C8B5727F6A,Plavix, Metformin,40.72,2025-03-06
632B4E0C-F306-40DB-8873-26440CE731F2,C57C7BBD-5535-4DAD-B18C-E8EEA033BBB7,Aspirin, Plavix, Furosemide, Metformin,24.57,2025-07-21
4C26253C-3E63-4298-ADE2-4AC85F6F8F10,F6918F9E-1953-45D2-B6C6-F1378A983928,Metformin, Atorvastatin, Aspirin, Amoxicillin, Plavix,33.66,2025-06-02
C02B41D9-593C-4676-BF81-CB9879F2FFA8,AD67C41F-E255-4D41-AB19-D22EDB90C848,Atorvastatin, Aspirin, Amoxicillin, Furosemide,71.37,2025-06-06
47BC8924-7A14-49D5-B38E-D6F83B97F42D,781AFEA5-73C5-4BD3-B37B-DAFE3CE84DC3,Amoxicillin, Ibuprofen,53.19,2025-08-13
8540C552-4B3A-4814-868A-7ACF1F3402EA,519FCC4A-8876-4C66-AB6D-F4E858DE05E6,Furosemide, Amoxicillin, Aspirin,75.84,2024-06-17
24D11C8F-A974-40E0-9CC5-1A80F449CB03,ACEAF7F2-6088-45AE-B4FC-A0044F7A2A6E,Metformin, Plavix, Furosemide, Amoxicillin, Ibuprofen,61.14,2025-09-06
A434B461-513F-45BF-9B30-5C10DD31AE91,F79127E4-5EAE-453A-A35C-83B50F8C89A9,Ibuprofen, Plavix, Atorvastatin, Amoxicillin, Furosemide,91.35,2025-06-11
4F0E9720-FFB2-476A-94EB-EEFBA27A6DB0,0613A82A-15FC-4C46-A70B-30839EB2B3C9,Furosemide, Metformin, Atorvastatin, Aspirin, Ibuprofen,55.13,2025-04-14
2C552BAD-6663-49F7-BDDF-2CB7DE84DED4,86B8DC58-09AC-4658-8458-340853F09E4A,Metformin, Furosemide, Aspirin, Ibuprofen,54.27,2025-04-30
A64B95FF-1A31-4674-9271-F6101A813E47,FE683B52-5413-4DB8-8636-300FAC46C984,Atorvastatin, Amoxicillin, Furosemide, Ibuprofen,19.82,2025-02-10
B6224E41-B72C-4F32-AADE-B22BBABD334F,9D0D4A8D-D4BF-45AC-9C36-C100BD4810C4,Metformin, Plavix,74.81,2024-02-04
E7A24E7C-CA5A-4B3B-A2C0-70814B5FEC17,6C00D21A-BE21-436D-8EEA-D863D2DB54F2,Ibuprofen, Atorvastatin, Metformin, Aspirin,13.24,2024-04-11
5FC57E57-F028-4B83-8BE3-E4F61EB79646,83497080-F47F-40EC-A95A-BE254484E002,Furosemide, Ibuprofen, Plavix,35.99,2024-11-01
64B74B01-812B-4665-81F4-D6B781B8E6CD,74742BB1-59DB-4076-B8BE-94607439DBA5,Amoxicillin,27.57,2025-02-15
CF532C5F-F6FC-476F-AAC4-3A63189CFC1A,6110637D-9CC0-4363-8415-D8A8FD00A5B8,Amoxicillin,39.59,2024-05-19
FAC669F2-64A1-42D5-9820-376813FD5540,C4F7C467-F7A5-4359-A31C-2C0D2FA0DC5F,Furosemide, Plavix, Amoxicillin, Metformin, Aspirin,90.21,2024-12-02
32C55680-9BAC-4FED-BDE6-54DCE5B7DF67,FBD91347-D1A3-480F-8D74-8FABF5263A90,Plavix,66.96,2025-10-06
17B3C709-6E3D-4563-946C-6E5E1D35DC3B,333EBF92-6DCE-4C0C-804A-F4A2BFED5365,Furosemide,29.55,2025-04-04
1547F685-112A-40A5-B52E-460C827C06E9,420C0EF1-A61C-4CA2-BBB1-FDDE7CD1F643,Plavix, Metformin,68.85,2024-02-27
8EB1EF36-19A1-41B4-9885-23356F5BEBDE,00D6EF7E-86AE-4AB0-A52E-159AF5633535,Plavix, Atorvastatin, Amoxicillin, Ibuprofen,86.71,2025-09-19
5B45F143-60C6-49F8-89DF-D67741DDFC14,1F1AD4CB-101E-4940-A62A-A9DBE14C77F7,Metformin, Furosemide, Plavix, Amoxicillin, Aspirin,93.65,2024-03-20
17316C58-0D5C-4F23-908C-1F3C50B19221,9C5F083B-330E-4D46-A00D-6F48924404E1,Metformin, Ibuprofen,53.55,2025-10-15
15320E07-664B-46AE-9F70-B1B669B30FD7,C273DFE6-B57A-4940-95D8-45C0247EFB84,Metformin,24.84,2025-11-02
5522A5DD-A488-4F3B-9EF5-7D935286CDBC,820DF883-D8B9-40B2-AFBC-4164053A8F37,Amoxicillin, Plavix, Aspirin, Atorvastatin, Metformin,30.11,2025-03-26
6BC598CA-E4A5-49C0-ACC2-41ECDF2BAD95,52A8018E-B479-4C8F-BF29-0E0BE39F77B6,Aspirin, Atorvastatin, Ibuprofen, Furosemide, Plavix,99.44,2024-12-31
87DA257A-5CC3-4ACA-A4BD-0056A140F22B,86B6FE04-A10B-4F72-91F7-1177C324EC1C,Atorvastatin, Aspirin, Amoxicillin, Furosemide,83.71,2025-04-17
6E66C1F3-81B6-45A3-8F60-E1CE446E4175,4C020754-6A3E-48A4-8B49-054F8B5E628C,Atorvastatin, Amoxicillin, Aspirin,87.3,2025-07-31
1A235FAD-AB87-41A4-85FC-1D4750D04AA0,3BC07607-C36F-4490-B81F-FD253E1F4D91,Amoxicillin, Furosemide, Aspirin, Ibuprofen,15.48,2025-10-05
FA5BE4A1-7EB9-4EE8-8F69-3BD2788BE1DC,00A39787-09BD-4DC6-86CB-47BA7D768A5C,Ibuprofen, Amoxicillin, Furosemide, Plavix,14.47,2024-04-28
12A80819-8856-414A-BCD0-FAC20481A615,9519D497-2763-4093-9622-EF0612608A37,Plavix,54.76,2025-10-20
6044EC26-C302-4633-88B0-CE7D6CB0D1A1,1864301C-8F29-413C-BEF1-EB574DB64B9A,Metformin, Plavix, Ibuprofen, Aspirin, Atorvastatin,7.34,2024-03-05
847641CA-AEF2-4666-89CF-E6C6D089821E,FC1CE43F-9C27-49C1-B010-E4D58AC7E742,Plavix, Atorvastatin, Furosemide, Aspirin,47.29,2024-11-09
D469A3AE-6E59-412D-9E35-00BBC6DB22FB,95410653-62BE-4915-B126-DFBA241C9205,Atorvastatin,91.77,2024-10-05
96D28A9B-886D-473B-854A-92A19682ACE0,14EE6665-C8CB-41D9-8199-914D4A7CA7DC,Metformin,78.97,2024-12-04
53FF153B-166A-49E0-AF33-3FB6631B0839,71162A05-604D-47E6-88A7-D8D244CAC746,Aspirin,21.01,2024-05-14
F17B8BA4-0B62-4A53-B65C-A7FB9585983A,A6B07C75-E7D8-4001-89CF-8C6B41717AF9,Furosemide, Amoxicillin,90.26,2025-08-19
AB58BBA8-DF09-499A-A39C-44F158B21CC5,B8EC96F2-35BB-4E68-9E08-2986ABE7EA41,Aspirin, Amoxicillin, Plavix,30.36,2025-05-16
CD2CF072-6996-4B81-A2B8-3D86B62DBBFD,865AF11F-D53C-4CD6-81E1-6D86A9433324,Aspirin, Amoxicillin, Atorvastatin, Ibuprofen, Furosemide,48.02,2024-01-18
5AB26BEA-9F89-42C7-854C-6B40900FEF19,C0EDB102-9A5F-49F2-BA0F-1BB2BF73967A,Aspirin, Metformin,71.52,2024-11-29
97B8136C-758E-4CC6-BBF0-7911C3DF4A1D,BC081AC3-FD5F-4D43-80A1-93101D3AC662,Aspirin,18.91,2024-08-10
EB028A97-C6F1-4A10-B6FA-48335094F77D,30834A16-DEAF-4F01-9389-90C07873CCA5,Atorvastatin, Aspirin, Plavix, Amoxicillin,22.88,2025-02-22
C378B190-7BB6-4590-BFC0-E24F70101B7B,98F315C1-9969-4B2F-A923-88E90273761D,Metformin,43.7,2025-11-18
8ACBEACD-AF05-41CE-91F3-F5C2A5F23688,A96605DF-B58B-4034-9AF2-C1B4EFF1C48F,Amoxicillin, Aspirin, Plavix, Ibuprofen, Atorvastatin,65.64,2025-07-24
FAED4486-93A6-41A7-A974-3B33051DA09B,518A431A-C8BA-498C-BFFD-368160BA0A9E,Metformin, Ibuprofen, Aspirin, Plavix,63.47,2025-10-25
A38E9963-7661-41C9-A00A-C3357EE0CA31,7A651735-33DD-4D26-B235-EAD69B32289D,Ibuprofen, Plavix,4.42,2025-11-07
E7917AFC-5197-4F81-BBBE-9950AB792634,4137EEF3-5D47-4EDB-8C88-0C09B92D4CD7,Furosemide,61.5,2025-12-07
B4724B56-7F62-408D-A1E5-3C700012CD6C,9A8EE21F-4352-4446-A4A4-E9A8E4A12694,Furosemide, Aspirin, Plavix, Amoxicillin, Metformin,10.13,2024-07-22
D2171A51-581B-4248-A63A-773A129B59B8,07B0020D-AD09-47C2-9881-6EEB7318E2C5,Ibuprofen,77.19,2025-05-26
A9D3C110-6ABC-4C82-9143-C2959799731D,0FBC4696-B518-4E2E-A074-EFA88272838C,Amoxicillin, Plavix, Aspirin, Atorvastatin, Ibuprofen,89.3,2024-10-04
BFF65173-DEC6-4ADF-A13E-087FD6A20353,F6D15A5D-4669-45DD-A8F5-64C1C877E5E8,Plavix, Amoxicillin, Metformin, Furosemide, Aspirin,2.27,2024-05-06
E57F8B30-C219-48FB-A09F-6D448031FDD4,65A55983-60F6-4473-BA68-680DD57EB732,Amoxicillin, Plavix, Furosemide,77.39,2024-06-18
E5C5C8A0-FC00-4C13-8130-F79B673A64DF,8AFFB86D-7D3A-42EB-87C6-6B53B4240658,Metformin, Amoxicillin, Aspirin,12.3,2025-04-23
689973F9-3019-44E3-92FC-058D2AA7868D,CCD11BC4-9066-4BB4-9AB1-227E5A8D4733,Aspirin, Metformin, Furosemide,69.05,2024-03-09
7A136E3A-E93B-432E-BB20-0D7674C1FA6E,43A800DD-5A2D-4E80-A357-B683956425B7,Atorvastatin, Plavix, Ibuprofen,84.94,2025-10-15
38E03235-EADB-4770-B27E-CF881A6ABF94,FC32C177-A4FC-4113-B7FE-7C7A993ED7C8,Metformin, Furosemide, Aspirin,56.01,2024-01-05
9D6EE51E-27C1-4CA4-AD62-E2AD62ACF6C1,292FBCE9-7882-42B2-A7D7-8955F4FD0CB6,Ibuprofen, Amoxicillin,59.03,2025-05-09
311BD9EA-12F2-4F4D-81E3-D02CF2FC49C6,FEB9D41A-9E90-4D85-A64F-58A3ED52CB52,Aspirin, Metformin, Atorvastatin, Amoxicillin,44.26,2024-11-22
2F67B629-625A-463D-9AA2-1C2C52F82203,73C8A07E-BCF4-4FF4-8945-F31A7E81699B,Furosemide, Ibuprofen, Plavix,91.8,2025-08-10
D4A3398D-F338-42D7-8710-02DC6DDD08CC,5EDAED20-F8E9-4CFC-83A1-22E45319753B,Aspirin, Ibuprofen, Plavix, Amoxicillin, Furosemide,73.0,2024-08-29
B89B1E14-1E88-48F0-B897-510DF4B018DA,BEF7C6AE-787E-4FAF-B34E-7BB35CF30E61,Atorvastatin, Aspirin, Furosemide,80.42,2025-03-22
0B06B90D-1326-4912-B6F3-CD107BBB128D,B98459A6-C371-4FAB-845D-A930A4C0726C,Furosemide,20.39,2024-06-20
3B643B00-FF30-4662-A0AE-718AB6B3F1AA,D88B9D25-85D3-4ADF-AD19-67BFDB870F44,Ibuprofen, Plavix, Atorvastatin, Aspirin,57.19,2025-05-15
7896FE4D-A818-4719-93A9-8BEFC3FC8F46,DCEBCEA0-1DD3-483F-9EEF-5AD953322CD7,Metformin, Amoxicillin, Atorvastatin, Plavix,32.47,2024-02-04
035E8137-2E3D-459E-84A5-DA0D7AD66FD1,BD9BED2C-EFA0-4305-B357-373BA0F5CC0E,Furosemide, Aspirin, Atorvastatin, Metformin,18.29,2025-08-30
5BA47397-16F4-4518-98BB-2234842690A5,0CDA2D2E-DF8E-4D1B-A835-EDEE3EA9DD1D,Ibuprofen,16.18,2025-10-06
29605B34-3B9D-469C-B431-37326D3AB9AA,A5293203-C12D-4EBD-BE35-B2E713A00D4B,Atorvastatin, Furosemide, Plavix, Amoxicillin,39.1,2024-06-19
91CC9408-5ADF-4993-A922-1360967D73AD,FA4685B6-35D1-4CF1-8B78-928650FA8D88,Plavix, Atorvastatin,38.42,2025-09-20
7CA8DEEC-F7FF-476C-BF2B-33DCF7368699,B6BDBE22-BEBC-4AB1-A107-5B9CAC5D2451,Amoxicillin,40.08,2024-10-01
36061DE1-B1E5-41B8-AABB-60BE13BA45E0,95C3684D-DB6E-4CD1-AC08-1972DFD47FCC,Metformin, Atorvastatin, Aspirin,92.1,2025-05-02
B4E3DA7E-A8A2-4D61-9557-24F31A3B496A,58E45DB3-CAFF-40CE-A2EF-45F489EE3038,Aspirin, Amoxicillin, Atorvastatin, Furosemide, Plavix,18.5,2025-04-22
884190B8-78DE-4720-B978-D8C98E4CA0B9,C113CE49-D429-4FF5-9AF4-7DA139D7EA5D,Aspirin,84.98,2025-07-24
F9DCEF20-3212-4C1F-A53E-D159FF3E0BFE,E3FC2FB8-C806-4745-9CDF-03E764E7E350,Ibuprofen,87.13,2024-03-19
59F10A45-D124-450E-9089-185FB1FFACFB,0504DBA6-3A3A-4F2B-8A4D-CE549DC44DD3,Ibuprofen,66.78,2025-09-23
2C257784-5BAE-43D1-B790-D25767DED9BA,43E1A967-3884-4515-8232-6F517042B671,Atorvastatin, Furosemide, Amoxicillin, Ibuprofen, Aspirin,30.74,2025-11-01
CD1B903C-0B42-469D-B080-511DA568F4AE,51DF838D-056E-4CEF-AFD9-EA94959BB5F8,Plavix,28.68,2024-08-07
670E3B39-F0F3-4D19-9A48-C3AE534F43D1,2AD07512-D008-4924-879F-C204A0199C71,Furosemide, Aspirin, Metformin, Amoxicillin, Atorvastatin,78.93,2024-08-23
58287722-B431-4FC6-9522-396A5CAFF63B,FB486EFB-E04A-45AF-9706-977BE1D29CD7,Aspirin, Plavix, Ibuprofen, Atorvastatin,12.28,2024-08-05
2696C0DA-F256-436D-A2D2-5014CFA6E6AB,B53FB743-8604-4DB7-A2FA-042640433656,Furosemide, Amoxicillin, Plavix,25.64,2024-12-06
5679198D-0989-4029-B305-4BD7DA499F51,E94D2E33-2958-40E1-B85D-8301AF57D4A6,Ibuprofen, Metformin,62.32,2025-09-05
291D521E-FD80-4C64-A3D0-80B60B3A4007,709B9A26-5BEE-475F-81B8-31FD4A429E79,Atorvastatin,93.76,2024-05-19
F9040530-9320-4F1F-B162-30C1882A310D,D94C2AB2-5979-4979-908A-F441666E2EF5,Atorvastatin, Plavix,89.29,2024-05-15
3809AD97-B698-4B08-A475-A1F965506117,A579EF08-0CF7-4B14-A96A-637ABE07AF11,Atorvastatin, Amoxicillin, Furosemide, Aspirin,19.67,2025-04-01
7F052469-CD9F-4CF9-AFEB-0444FEAD61B6,0B01C45C-3671-4D97-AFA8-2A736ECAA395,Plavix, Aspirin, Atorvastatin, Furosemide,19.93,2024-04-24
AAE93ECE-1D5D-45BD-B5F9-8898B790EFB5,7B6AFE18-623C-4B76-B10E-263DA8FD83D0,Metformin,86.68,2025-11-27
CFBDCDD8-7B58-46FB-B33C-79323F1D8F61,B622B822-EC69-4789-8F76-C321A1B61A05,Atorvastatin, Aspirin, Ibuprofen,92.43,2024-02-22
B28695FA-8A23-45BA-92A9-C07B2DF2337B,09D8A428-85F3-4580-AEA8-4C83E73B45F6,Plavix, Aspirin,27.58,2025-02-22
B7D9D950-B703-47A2-8D8D-3F4DEA4B4330,0A2AF8DB-6859-44E8-A2A7-0F3522D2EF97,Plavix,58.51,2024-11-19
FE3B2095-085E-4638-A734-2E9E3E7E94B6,DCCD0692-85E9-4284-AE0D-EBEC1463EEC8,Amoxicillin, Furosemide,65.8,2024-09-16
8B95A7EC-7917-4430-B66C-7F93FD59126D,C2348D97-4D2A-4985-858D-6D0789D78287,Atorvastatin, Aspirin, Amoxicillin, Furosemide, Plavix,59.91,2024-10-05
96778249-96D0-4427-BE97-3B11F2C524B1,19C53086-C7DE-42CF-BA68-DCBE91FBE5C4,Aspirin, Metformin, Atorvastatin,77.33,2024-04-28
7F797F59-FECB-44F7-8458-47C833C77FD3,83F57DF7-C43D-4D43-B880-0F57D1F81E75,Aspirin, Ibuprofen,75.6,2024-04-27
A8C2F8E7-8CFE-453E-8895-6F57841B7469,630065E2-B80F-4480-972A-3344DF00544F,Plavix, Amoxicillin, Atorvastatin, Aspirin, Furosemide,90.19,2025-03-02
D201E0AE-A885-48A7-AF59-02B7CDE6C3F2,93CBE9D8-EC99-4266-8849-0B51B5D1A22C,Furosemide, Amoxicillin,43.01,2024-05-01
EC69D8E9-F2EB-4C7D-AA0F-59C99EEA9657,C4B38D24-E7CE-47B0-95ED-31C0E39E9F91,Furosemide,69.02,2025-10-25
DFEFC4D6-01BE-4046-8E3B-6193D59F89E6,FDAE3649-A358-43E5-9AC0-93B0080FBAF2,Atorvastatin, Furosemide, Aspirin, Plavix, Metformin,95.6,2025-06-08
3849BA61-C7CC-4018-9C2C-16091454D04E,848EA1E7-7AEC-4FD0-80E9-B4AD209CA1A7,Ibuprofen, Atorvastatin, Furosemide,14.5,2024-05-15
8D2304B2-EAFF-4C3D-87A5-A5F68219583A,9FD065A0-DD85-4585-A097-5757C847BFE4,Atorvastatin,64.92,2024-12-27
4F649427-FC55-4FFC-95A3-252F4C61E034,A3CDEFE9-3B01-48EB-9B76-192BE2F0F8CE,Metformin, Furosemide, Atorvastatin,76.06,2024-10-22
54C8054F-16D9-46D8-A1A7-E5DB3FAE1709,D62A0096-D824-4BFD-B191-0EB06B15F4C2,Plavix, Metformin, Ibuprofen,1.06,2025-10-08
CA6F7376-0322-4DA7-8C7C-BE7BA4D9BA15,BA341DB3-D231-4BE7-BE0A-44641A03A9AE,Plavix, Ibuprofen, Metformin, Amoxicillin, Atorvastatin,9.98,2025-02-07
3BD848F0-09C8-495C-B266-D3AAA220A7EA,1829B628-F396-4631-BE54-80769271FCA2,Furosemide, Aspirin,25.07,2024-03-21
48D8064B-7817-4A54-9B62-63DD45F26721,18AAA4C1-F272-456D-898E-909F4C5BBFBE,Amoxicillin, Atorvastatin,10.56,2025-05-02
8E38271B-F431-4EE6-8A46-E881CEAD1BD3,712B18D5-85F1-47F2-A8A1-0BEE817B85D9,Aspirin, Metformin, Ibuprofen, Amoxicillin,91.33,2025-09-26
FC5A2D07-B9F9-4B44-B0C1-F8CC226EFDBE,A370AA19-E629-4F53-B93A-498A746B1C1D,Aspirin, Atorvastatin,58.14,2024-03-03
67DC023A-46F9-467F-A337-CABD41F704C8,6B7314F3-D5F3-4A28-9A0D-38B7F9EAD85B,Atorvastatin, Ibuprofen, Plavix, Metformin, Furosemide,12.05,2025-01-19
B2456DCF-CD23-43DA-80B6-B6D2C3209728,0377DAFB-C68B-478A-8B90-ACD08DB14FAD,Metformin, Aspirin, Amoxicillin, Furosemide, Atorvastatin,69.16,2024-04-06
3594EA18-526C-4014-9BD1-659D7AC52D2A,7BE06E0D-B585-475F-9360-660424D69926,Aspirin, Plavix, Atorvastatin,12.62,2024-05-24
E17A22DF-9FD0-49B0-8717-093B11C3BCD4,3913291A-4335-44BE-A348-AAA1E2BD68F3,Metformin, Atorvastatin, Furosemide,11.49,2024-09-02
24CDA5CF-1250-4E16-A544-FA3C37116C67,9F8ED02C-BDAF-4674-9438-304013A7090D,Metformin, Ibuprofen, Furosemide,76.87,2024-01-06
DEC3BF03-CC0C-402A-9B77-D779C43BA411,8A1E046D-8AA3-45F0-A019-946A6B4EAE5B,Amoxicillin, Plavix, Furosemide, Ibuprofen,85.71,2025-08-24
8947A030-9CE6-4D55-938A-FD8F303258DE,04D1DF27-95D8-43A5-B453-B335D348E16A,Aspirin,50.44,2025-07-05
E39206AB-946A-48D5-9580-2E8328B20465,FA85B332-6CD2-4C9C-AAE1-1DFA9202DB14,Amoxicillin, Plavix, Furosemide,71.53,2024-04-02
513E07AE-638E-4695-950B-A4BEC067D1AC,E5CF7821-C4CB-4418-82CE-78B0EBDFB7A0,Atorvastatin, Furosemide,11.1,2024-09-28
2B6FAB68-071D-4130-8327-A7118F25221E,AF8FD623-E513-4AF6-9386-26969B81B569,Metformin, Plavix, Ibuprofen,94.1,2024-10-23
919E813B-6124-43CD-9107-88826BCE374F,7A36517D-4162-4986-90B4-B8D26FC07B48,Atorvastatin,14.92,2025-05-18
199AD92B-F943-49EA-963E-4E7FCFD2ABE1,B3F8E32C-9C91-4CB1-BE0C-0D57C4D2BB75,Metformin,27.23,2025-04-15
7974D1D8-E7CE-44D8-9B6C-590C466144F6,19AB869A-0192-4DD6-9CCC-79BC5B7FB79E,Aspirin, Atorvastatin, Amoxicillin, Ibuprofen,68.59,2025-06-12
4A96F42E-50C6-4E7E-8274-90EBEB410F6A,64B218EC-9A5A-4EE2-BDD6-350EB704B5BE,Aspirin, Metformin, Furosemide, Ibuprofen, Plavix,74.69,2025-01-22
31B68C5D-05FB-4DF8-A4B8-38D1C8E8C792,1C5E243C-6A4E-4AE4-9179-32EBDB61A43B,Aspirin, Atorvastatin, Furosemide, Plavix,49.02,2025-04-29
38DFE750-303B-4248-9B88-6835665B886A,0DE6A515-1C16-425A-A48F-E4B90C704935,Ibuprofen,6.94,2025-10-06
7622ECC2-8080-4274-B3F7-75BC06571F6D,7A0270A2-C9A1-4EED-A32A-E8B1ABA15C7F,Ibuprofen, Metformin,40.41,2024-09-02
54F00533-AE6D-419E-8F4C-D16E89737832,C5B60C4E-B1DC-4536-8F37-C61AEA8B3575,Aspirin, Furosemide, Plavix, Atorvastatin,96.29,2025-03-12
A9B22E7C-77DD-4D37-86F9-48E777E7993A,5E0D2F5C-1A8E-4D20-BF2D-29AFFA80A08F,Furosemide, Aspirin, Ibuprofen, Amoxicillin, Plavix,26.94,2024-05-02
51A2B848-A468-49FE-ADA4-19AD9FB1A3B4,DC2B6F61-8FCB-4414-9E3B-160E8E7CAF1C,Amoxicillin, Aspirin,85.03,2025-09-16
FE4C8400-2B6E-4523-9A27-7D5E15270BBD,3FD64531-782C-4028-8504-5397448CCB31,Aspirin, Metformin,93.13,2024-08-02
184B5C63-4FB4-4772-9199-C303A10B9229,E5B58D9C-E26E-42BC-8F80-9803A0D64B2F,Ibuprofen,14.86,2024-08-12
F49A5A30-89C8-4B36-AAAF-7B2EA02E08DF,5787B712-D055-46C5-9CE1-EAFCE9C58037,Atorvastatin, Ibuprofen,92.75,2025-05-05
EA18788E-9E82-4451-8433-1FAADCDF26B7,DE9109EC-E6D5-4A9F-97C0-CBE814416AE7,Aspirin, Metformin, Furosemide,69.36,2024-04-30
B03054AB-F02D-4B2F-8095-DDFBEBFF1BCC,842A2F7B-0AAA-430A-B385-EA21335DEE29,Ibuprofen, Atorvastatin, Metformin,9.27,2024-10-14
F6875041-516D-4A59-878B-F3C1A120B1F2,95BDEF50-4E80-4840-A4EF-17D6929A31B0,Plavix, Furosemide,91.71,2024-09-26
E7D0B190-6193-4F7E-A879-84613FEF1EC3,1695485A-4E6A-470A-9E4C-39D39BE1DFE8,Aspirin, Metformin, Plavix,56.76,2025-09-26
AE4BC808-2B98-4EDD-AD27-F8AD9431F567,697ECD8B-585E-4076-A54C-4EF877560042,Ibuprofen, Atorvastatin,79.83,2024-08-19
FF9F8A2C-2B2D-473B-A51B-EF20FCBA4E32,80EF5772-CC71-40A7-8045-A405C0DF6BF1,Aspirin, Metformin, Furosemide, Atorvastatin, Amoxicillin,55.04,2025-08-31
67DAE926-4B93-4659-BDD5-20D0B1AE1682,CF2259B2-9EFB-4FF9-880A-C56BCC0BD71D,Amoxicillin, Furosemide, Plavix, Ibuprofen, Metformin,73.25,2024-05-02
730E7383-FF7B-43AF-BDCA-23CFC29EDAE2,0F9D2C68-AD91-46E2-8211-567E123D80FF,Ibuprofen,93.19,2024-06-10
687AA0BE-292C-4B0F-A5F7-4D5BDCDC49E2,CF7681B0-A624-4937-BDD9-77D104EADAFA,Ibuprofen, Furosemide, Plavix,26.63,2025-01-02
54406CAF-E69B-4E9D-88E6-8C1464A73583,CC1F3D6C-A2A1-4514-AE5C-36033C9A61E9,Atorvastatin, Aspirin, Metformin, Plavix,57.31,2024-11-08
17E3F709-A263-4457-B5A4-0ABACF1A314A,7734E699-FFC7-4ACE-920E-726306013C54,Metformin, Amoxicillin, Furosemide,99.8,2025-09-29
5716EB19-7FD3-46F1-BFA4-2701A7F34C3E,B07AD126-BB58-4F40-8BC9-4AA1E8DD04AE,Aspirin,76.46,2025-10-16
710B5D6D-1BCC-4631-9940-AE156BB0FAD0,026EC13E-16A7-467F-969E-C41CA8C87ED7,Aspirin, Metformin, Atorvastatin,64.63,2025-01-21
3CB179CB-F657-42FB-A39F-3AF6E6B2A5FF,F42A4A69-CC8A-4620-B705-C461224FD923,Furosemide, Atorvastatin, Ibuprofen, Amoxicillin, Metformin,82.51,2025-09-12
AC2C8DA7-FE9A-481B-8FB1-DE11F3C96EE0,95328BBD-DC7B-4117-AF2C-CDA84C3DE43F,Aspirin, Atorvastatin,19.54,2025-06-15
A6FDD316-281F-461A-BE62-950FE9DB0036,88BE2CB1-82DF-48C2-9F09-0652066F34A7,Plavix, Ibuprofen,74.88,2024-05-26
11A6567E-AABE-409B-B54B-C5508B0B6FD2,7875624C-B4E3-4D04-B38B-ED2930D498AF,Plavix, Ibuprofen,81.47,2025-08-02
72A5617C-F43E-4A23-B25D-EFFE6CE6F6B7,B3E7A0F9-0602-42DC-9791-1AACCC478882,Amoxicillin, Furosemide, Atorvastatin, Aspirin, Plavix,40.46,2024-04-23
D2AE3735-00F6-43DB-B017-3A4E111D7C3B,8BCC0B51-ED8B-4D1F-A7F2-B4FA6D6BD80A,Atorvastatin,62.55,2025-02-09
0C567D3E-F014-49A9-AF9E-435865822FEE,1EDDB974-BA54-4183-9CD8-CDCFBC080450,Metformin, Amoxicillin, Ibuprofen, Furosemide,4.14,2025-10-13
7D1C4569-BE43-466A-B5F0-E0BBEA39FDFD,CA9B7686-C2AA-403B-85F1-39DEBE136E81,Aspirin, Ibuprofen, Atorvastatin, Amoxicillin, Furosemide,73.76,2024-11-14
C8897201-F6B0-4D98-9D7B-D05F36475EA3,6632B640-DF77-4EA2-9790-F6AC372A3813,Aspirin, Metformin, Plavix,22.17,2024-01-18
85A735AC-25FE-45AE-B778-E058B2474AE8,16FB145E-5A84-4B6E-906C-7637A55CA537,Aspirin,49.23,2025-07-07
75729F54-B7CA-4AC1-AE64-53B662617073,257E6A94-DE36-4D96-9D73-834B0B7F16E2,Plavix, Aspirin, Metformin, Ibuprofen,38.35,2024-07-07
CE40A8F9-FC03-4573-9FEA-D1099198C191,383AC539-23E9-42C5-9A64-8A9DFD1D9F4B,Plavix, Metformin, Ibuprofen,33.76,2024-06-30
4FF1EF63-B0E8-4AFE-A3D3-02A5B099316A,94C5E1C4-706F-456B-BF31-E09D1D117AD7,Furosemide, Aspirin, Metformin,66.29,2025-02-01
30E07F23-6A8D-4C8A-BFD4-F7E5ACB31F46,18B96A6C-52D9-48D5-86DD-B523A6022037,Ibuprofen, Atorvastatin, Aspirin, Plavix, Furosemide,54.94,2024-09-19
948F31C7-81F4-4FEF-872D-6654CB94F26C,75291A89-175A-41CD-B542-213496196DBE,Amoxicillin, Furosemide, Ibuprofen, Atorvastatin, Aspirin,11.04,2025-10-07
2B4F82AA-4392-4194-A08E-D7E223046626,FD684CB0-96D1-477B-BAF9-DF4247E99FC7,Amoxicillin,78.58,2025-03-14
C2EB87C9-1D8C-4A78-979A-E911294AD597,5F4CAD03-79F8-4B8E-A96D-587CE7D9CE4A,Amoxicillin, Plavix,88.75,2024-05-10
B3CB91C8-9142-44FC-887F-43EF635E0C9A,FE6D82DA-5EC3-43F4-B78E-68CFC42E9283,Aspirin, Ibuprofen, Plavix, Furosemide, Atorvastatin,20.04,2024-02-26
A8AF19C5-33D2-47BA-BE9D-8888D5D302E5,BED57135-764B-4CCD-A12F-EAB9974DECEB,Aspirin, Atorvastatin, Metformin, Ibuprofen, Amoxicillin,88.97,2024-05-29
769C8A5E-931D-4BB3-B0A2-6A603DF8C696,5836B61D-DB09-4994-84F8-BC3B0EE900C3,Aspirin, Furosemide,86.97,2025-09-26
CF85A376-3043-44A7-9499-805476740AB0,AC20C71B-E8A3-4CA9-80EE-6394AA97D9EF,Ibuprofen, Plavix,40.7,2025-06-17
B48F578B-2F20-431F-9435-3BAF4EE480FA,C4A69FC9-6368-4785-A789-E81D5C53C4B4,Ibuprofen, Atorvastatin, Amoxicillin, Metformin,37.26,2024-02-20
A8288153-5AD3-465F-8865-54FD3033F8A8,CB2CCE5A-906E-4056-8B19-B58BCB61818B,Amoxicillin, Metformin, Ibuprofen, Furosemide, Plavix,22.95,2025-06-27
DB06C6C1-B66E-4FA3-A120-798CDCD50C80,01B354EA-A0CB-4BDD-AD81-314466E2183D,Atorvastatin, Ibuprofen, Aspirin, Plavix,36.5,2024-01-11
6D3588BD-A7C9-47B1-AE33-DA320E11B6AF,74B377F3-BE02-40AA-B76A-FEBB05602DF7,Atorvastatin, Amoxicillin,86.03,2025-08-12
F0F1CF72-7152-4F30-BFB1-906ECD3F5516,0450C775-AE85-4863-B843-53755BEBA672,Atorvastatin, Plavix, Amoxicillin, Ibuprofen,61.13,2024-01-02
FBC3A928-E38B-4458-810C-E2BD1A38DE94,0BFE69A8-57F2-42FA-AC40-DA3ACFA3D521,Amoxicillin,29.45,2024-03-03
2B4EBC4F-BE58-4517-8306-28B4D54F9930,DB62D687-07D2-4BBC-B9F3-FB80EC3C5115,Metformin,28.78,2024-07-27
2B6EE290-86DB-4D21-A9A0-283EA4267FB0,5894C10D-39EA-4FCC-B33F-C30DFD34B9A4,Furosemide,92.49,2025-05-12
36754730-0555-487C-A5C0-7A907313A83E,CA7E5FF0-6D6C-4E34-8DC0-98D51BA87600,Amoxicillin, Furosemide, Atorvastatin, Ibuprofen, Metformin,95.83,2024-01-23
87E5FF14-E834-4229-B5A5-3EFD9646BF6A,2D0C3517-F192-47DB-87CC-9B6B4FEB134F,Plavix, Metformin, Atorvastatin,78.21,2024-03-05
AAAAD1BD-0574-4738-8890-BE8D5E410AC2,706F44AE-FD18-49D8-9F91-B0A9C7C6DD1A,Metformin, Plavix, Furosemide, Ibuprofen, Aspirin,99.03,2025-10-14
CD3A7570-1A09-48BD-A4A1-E1D948586911,A4B6CECB-76E1-4C29-87AF-6DD4DBB5944B,Atorvastatin, Metformin, Ibuprofen, Aspirin, Plavix,86.16,2024-06-15
B294D9F3-2EB3-459A-815F-A0048C08E66F,B4E80771-AE6B-407E-AB71-43FFCD4B7F22,Atorvastatin,13.79,2025-05-06
7351414A-00D6-4AB6-A9CB-ECDBE3FEFD1D,2FF284F3-4916-4796-B64D-615C3F3F7D44,Aspirin, Metformin,30.27,2024-08-11
BB486676-6E3F-48BA-AEBC-F95183ABC058,AAD005E0-EA8F-41CD-989E-F687FE3158E8,Atorvastatin, Furosemide, Ibuprofen,30.17,2024-07-26
EED9FFF9-F993-431B-B19A-ADA4733DBE6B,7F4F7ABD-31B0-478B-B5BB-8407560BB294,Metformin,99.72,2024-01-27
DFE05E54-A6F2-4798-B62B-61FBE4B1C29F,B58863D4-51EA-40B6-B13D-62ED47A034FB,Furosemide,38.33,2024-03-25
F090502D-2C96-4CA5-960F-CD8BB2539CDB,37080DB6-9236-4901-8656-CDB4DA27A6F5,Plavix, Atorvastatin, Ibuprofen, Aspirin,27.37,2024-11-22
BCD4BC51-79E7-412B-81DD-E54F7900D2EF,49B508BB-453A-4A17-9F3F-FFDBF32D293C,Metformin, Furosemide, Plavix, Amoxicillin, Atorvastatin,41.23,2024-02-16
E2F2E821-9598-4149-B82B-CEE5FB7B7826,93D8DC11-ABB2-46A7-8485-F02FD4E1F3C0,Amoxicillin, Metformin, Aspirin, Plavix, Furosemide,10.56,2025-01-02
BF673161-50BF-45DA-B6DF-90805DE3B3AD,D5156595-BD08-4AFE-A340-616B625078BC,Ibuprofen, Aspirin, Metformin, Amoxicillin,89.61,2025-03-06
3018016F-E8D1-46A4-8090-A65ED56EE2BE,77CB8CB8-2FF7-46D6-B9B1-0ECC55582C6D,Furosemide, Ibuprofen, Metformin, Amoxicillin,64.03,2024-04-22
A4BBA7C0-384C-4622-B24E-D297B81FEED8,7F31140F-49B3-413A-85DC-99864C57F535,Amoxicillin,9.48,2024-01-04
ACDAA9C9-96F3-4120-AD2C-79344CD09968,AC5AA385-F5EE-4897-BC47-3D60DC22F3C3,Ibuprofen, Atorvastatin, Plavix,95.63,2024-06-12
0F616A8D-AA7D-44D6-85F6-5A1085887CC1,A88D39E9-F8D3-4F53-87F1-D11AD6DBBA09,Ibuprofen, Aspirin,88.33,2025-06-29
E6C733BB-3E95-4313-99F2-5AC32E05B200,86C16986-E803-4E01-AF3D-0E3205C5F9DA,Metformin, Plavix, Atorvastatin,59.0,2024-12-07
4A685351-4691-42B4-938D-FD0201223532,B0D9A9DE-FC5B-4017-875C-EAD5A61E3938,Amoxicillin, Plavix, Aspirin, Ibuprofen,99.04,2024-07-26
F2467552-C554-4A03-8C8F-74A7A13C742F,949D2A86-EAE0-496D-AF6B-397BC9C2DDA2,Ibuprofen, Amoxicillin, Metformin, Aspirin,71.33,2025-05-27
9FF8E3FC-DD97-4EB9-9E26-BE07D9525AE7,53748AF3-B96A-4D88-A4D2-0E2251856DE5,Amoxicillin, Aspirin, Plavix, Ibuprofen, Metformin,59.23,2025-08-16
DC287ED8-F9BD-4FBC-8C63-A8BA7A1ED252,417ED58B-7FBB-48F6-A9BD-1A1EF621761A,Atorvastatin, Plavix, Ibuprofen, Amoxicillin,46.7,2024-12-31
72755754-63C9-42F0-A879-3C88F16FE9C0,98269A33-D6DA-4B79-87D9-D3FD6CD22A47,Metformin, Atorvastatin, Amoxicillin, Furosemide, Aspirin,8.28,2024-04-14
92B992B3-29D1-43CF-BC1A-83A53AF5F613,1AC18F36-BE47-43C3-9C2B-937EF77B2773,Atorvastatin,58.04,2024-09-03
42A433C3-31A4-4BB2-A6B4-7D6F55941DDB,BBA81F9B-17A4-4808-A9A4-AF8C21AD3CA2,Atorvastatin, Aspirin, Furosemide, Plavix,73.77,2024-02-20
C7F481C4-7E1A-4EE4-902F-3D2D6719C139,A07C680F-0BAA-4207-8F26-15442165B449,Ibuprofen, Amoxicillin, Furosemide,41.32,2025-08-06
8DD93955-9645-4E18-9BB0-228D72C9F2F1,E9FA69B2-B994-4D6D-9FE8-5BB35FCEBB9B,Ibuprofen, Metformin, Amoxicillin, Aspirin, Furosemide,53.42,2025-09-10
AB44B517-A4A1-479B-882C-4B9ABB9CD178,55481C70-FA11-495E-9FEE-B586015B9C37,Amoxicillin, Plavix, Furosemide, Aspirin, Ibuprofen,74.35,2025-08-02
861AFCD4-6CF0-47C2-9E0C-204D7F01DA7A,EA2C2677-85BC-4A42-9A12-8D56610EEFE7,Aspirin, Atorvastatin, Metformin, Furosemide,16.62,2025-02-09
5B9AAE61-07DA-4050-9A00-FE3A6814F17B,3BAEF8B4-C24C-4869-A8A1-E59585D68319,Furosemide,70.39,2025-06-02
CB22255F-2C81-43ED-B7DB-45D58C3AF566,0B530C91-0D68-42C5-8B67-209E3A87C73E,Atorvastatin,37.34,2024-06-05
AA401DD1-5A70-40A1-BFD8-3B538F28FBEF,AD77EAFF-8863-478F-9A11-795ADAFE732A,Plavix, Aspirin, Furosemide,60.55,2025-08-30
45F4B565-B573-489A-AAED-3584A6344D55,5D4DFA7A-1E6A-4FA9-A3CC-C830E9FE3977,Amoxicillin, Plavix,81.46,2025-10-23
AC1F23BF-6B0A-4142-BEAD-4059EDFA6C6E,BFD9629F-396C-44CD-A4DD-C937B1A9DFCF,Amoxicillin, Plavix, Metformin, Furosemide, Aspirin,11.76,2025-03-01
2E0F2BB9-3252-4B77-A3AD-DAF502240E3E,7957A080-6082-4ED3-B96F-8A38A50207B0,Furosemide, Metformin, Aspirin,80.2,2025-11-15
2C7246DB-EC52-42FC-BB57-5178B47CAF7A,6BB028AF-508B-4E69-83C4-B749E14C83C9,Amoxicillin, Aspirin, Atorvastatin, Furosemide,56.32,2025-05-03
29BB160F-6538-4CB8-A39F-7B1295FEB19A,CD50CA52-66BC-45DC-81C6-DAADDFE09459,Amoxicillin, Atorvastatin,64.35,2024-10-11
B4ADADE4-4667-45C5-A5C9-09EEC8BB10C9,5A644099-ACB3-43B8-900B-18079DAA2731,Amoxicillin, Atorvastatin,27.31,2025-03-28
D9B9F70B-E91C-4EA7-B710-E3BD2C2B297B,8227F8F7-076F-4A3C-8EF7-8ACB8716FB04,Atorvastatin,87.46,2024-06-09
9EC8E0FA-4DEF-4A95-9561-5EDDC53FB7FC,A206FA93-1907-446D-AB01-7FBAF5CA54C2,Atorvastatin, Ibuprofen, Aspirin, Amoxicillin, Metformin,8.79,2024-10-30
8DEEE86C-1CDA-4552-979D-261DAB68EC79,E7641D00-096D-49BF-B0EA-1DB9C558E89E,Aspirin, Furosemide,97.48,2025-04-20
B5EBD0AD-24C0-40BF-AEC3-C6AEE7C0EBE1,52166338-6BA8-466F-8B4E-3801757C0F59,Plavix, Ibuprofen,15.59,2024-02-16
83E67D01-C631-4716-A804-3E1E9F739B01,95ED0E53-171A-4D5F-BD2A-29112604FEAA,Amoxicillin, Furosemide,60.79,2024-11-30
DF978E09-062D-4B7A-A494-9243E64C777F,2E5F93AA-5642-412B-AC30-FC76BE72D4DF,Furosemide, Amoxicillin,71.01,2025-02-22
F31BCAFF-FDB2-48F8-8D93-CFDBFBE84691,9F2540C1-11CE-4FAC-891E-4DFF0435FC84,Ibuprofen, Atorvastatin, Aspirin, Furosemide,56.62,2025-12-26
31A541A3-D3F5-4490-9EE5-876BB7669E26,3C6103F9-CB6C-40B7-A9FE-F72858E543BB,Atorvastatin, Furosemide, Metformin, Amoxicillin, Ibuprofen,61.5,2025-06-02
91C19024-948F-4662-B653-041C69324646,5513E58D-3F57-4F75-B194-9D884B490873,Metformin, Atorvastatin, Plavix, Amoxicillin, Aspirin,18.84,2025-05-29
EC31F6C8-3ED5-455A-90A0-B383552445E1,5B2D81E8-3ACA-49C1-BE9F-227592C06801,Atorvastatin, Amoxicillin, Furosemide, Metformin, Ibuprofen,40.87,2025-05-27
82056014-8D4F-46EF-AC99-8A43BD61CBD9,9B7190E4-C153-4817-9250-9F9DA162FFB8,Metformin, Ibuprofen,71.06,2024-01-03
B590FFBA-BB53-429F-BDB6-8290A26EB84E,236941E5-A4E9-41A1-AEF7-23403D4FF3EB,Furosemide, Ibuprofen, Atorvastatin,39.14,2025-02-10
CB5D9FB6-32FE-46A3-8387-9383B1922902,3D7B5B51-042C-45A5-8BCD-8A108AD7D703,Ibuprofen,83.21,2025-07-25
33FE2479-55D7-44A2-A1A4-3C6BB45E5785,273DF616-A67A-48AA-8D2D-0EF8B8EC122A,Metformin,84.49,2024-01-29
12617CCF-6BA7-4C4B-BE0D-C6E64D7A0FBD,C44EAA35-8455-4FF4-B13A-CBFD4958A57E,Metformin, Furosemide, Aspirin, Amoxicillin, Ibuprofen,54.47,2024-10-19
7E232D57-83D3-490C-B3E3-6B344087F33B,E8982446-AB62-44D2-982E-E269476C2386,Amoxicillin, Atorvastatin, Metformin,59.89,2025-03-30
4DED8DC8-D684-4225-9979-E3D9477B48B8,912A833D-48D8-4411-8FDF-BD5C10B4D3E1,Plavix,25.81,2025-03-03
94C4CBFF-90E1-4535-A0B0-DD027F20803A,2B81884F-2679-41A9-A9C4-B7E8D7B827BD,Atorvastatin,2.81,2024-07-17
45C3B4FD-14BB-4ECD-9BD6-45B45914010A,20C77D2D-9BEF-4100-9D56-209BC094B651,Aspirin, Amoxicillin, Metformin, Plavix,6.77,2024-04-12
C9BEC493-08F9-4A22-B6CD-13838AD75B96,6AF957EB-2FD9-4300-BC43-46103DE8F5C6,Ibuprofen, Metformin, Plavix,10.95,2025-01-27
BA5D3CF2-5268-4B4C-A251-4E0132EB4B60,7688C755-B521-4AE5-A602-6BCE2FAE2C28,Atorvastatin, Amoxicillin, Aspirin, Ibuprofen,59.33,2024-02-23
E0802966-FAB8-4C46-825F-228FDBF6DB35,E42EB541-B295-47CC-854B-717E251AA3AA,Furosemide, Atorvastatin,78.92,2025-06-26
86B5C95B-2F9C-4C0F-BE58-732E8CCAA83E,F3FA5FD4-36A3-44B0-9F34-2220C4DD7CA0,Aspirin,28.78,2024-08-06
EEBB2F8B-8E3C-450E-99C6-98C534641515,E51A241C-843E-4526-BFE6-3824DBD6FC4B,Metformin, Amoxicillin,96.71,2024-05-16
C24229DF-A92F-47E0-8152-F1FDD0A1CA85,DD6B4A78-F25F-44BF-A5F7-3D1FA3F12A6D,Furosemide, Ibuprofen,75.14,2025-07-24
9FCDE2D3-FB5E-45DB-9B58-6D765FC5CE2E,EFE4F2F3-B563-472A-AE04-0B1C1856EAD3,Atorvastatin, Amoxicillin, Metformin, Plavix,16.96,2025-01-16
B2775AD5-9F73-469D-8F14-32E313C0B6E7,C3089EB9-441D-4402-816F-C8521FFBC107,Plavix, Ibuprofen, Furosemide, Metformin,58.23,2024-07-12
7DEE1392-EAAE-4FEE-B86D-4D7697D20F6D,3EAF3994-00AB-4836-B535-4A2DE2155794,Aspirin, Furosemide, Ibuprofen,3.91,2025-04-27
1A840A53-3E61-4465-AB7F-25F658609CAB,386E5BB7-23E6-46FB-AD94-8330E09E7AB6,Metformin, Aspirin, Plavix, Ibuprofen, Atorvastatin,51.36,2024-05-25
72F4B5C8-44A4-4E81-9F4C-A62572E21FF7,EE851DA1-D115-465E-93C2-D2666B784951,Plavix, Amoxicillin,41.12,2024-10-29
EB47B27B-102F-484F-8B9F-DCD5EA3D5FAB,E43485E6-D198-4E68-B525-F969EE43CD9D,Amoxicillin,21.03,2025-03-06
4427DB4D-7ACD-487F-8B3F-53D7D0A97979,2F9313B8-EA9B-4FBC-9F9F-879D48CF2055,Plavix, Amoxicillin, Metformin, Aspirin, Ibuprofen,49.04,2025-10-03
32B711C1-E48E-41E2-8CDC-59372243C538,47B8BDA5-342B-4FFC-902A-8DCD6B7DE454,Aspirin,56.9,2025-11-03
A7774004-49CA-49C8-9B93-896EBAD28577,76DE6580-7BBC-43CA-94C3-A411E2CD7CF2,Aspirin,63.18,2024-10-13
1BC99BF2-87A9-4A9A-A668-AC0DA8E47D26,04B9C595-3A3A-4848-B68E-1D6DCD338DB5,Metformin, Ibuprofen,89.79,2025-08-01
491305DA-F17A-47DA-9F5E-36D65FABBC4E,DAE1D607-4BC3-48C2-BB45-5302EE5E330E,Aspirin, Plavix, Furosemide,41.26,2025-11-05
1E0D80E3-9390-4D3F-8DBD-563838105CEF,E53F8D90-88CF-4515-99FB-89FE5A30B680,Plavix, Ibuprofen, Furosemide,10.65,2025-01-09
AB20FB9D-C329-4ACE-A126-E5EC05D62AEB,E2CE720F-CE3F-44FC-8590-07406FA0F029,Metformin, Atorvastatin,34.81,2025-01-12
A6D85DFD-E7B0-4629-B8ED-C6F87FDD3668,BCCE3EF4-1FE0-4368-A4C8-18C2E989E8B2,Amoxicillin, Furosemide,21.29,2025-07-09
4B9770DC-B357-4F21-8BA7-E5033B4CF889,9016BFDB-1FAE-4D81-869B-CCBE74202D0C,Plavix,60.27,2025-08-12
07648018-50B4-4D0D-A075-F7398559C41B,3CA34A3C-E8E7-4B59-A38A-E93348814A5D,Atorvastatin, Furosemide, Amoxicillin,32.19,2025-05-10
B0A7DCC3-230C-4DB3-AD36-A225BD5558A9,EE9912E9-7F17-4951-AF0C-69ECF25A14F5,Amoxicillin, Ibuprofen, Atorvastatin, Plavix, Aspirin,3.52,2024-09-05
99AD82F1-6CEC-4D8B-A6A5-07F7A598A2B1,B4A99C43-50C3-455C-8165-9C9259AF3583,Metformin, Plavix, Ibuprofen,88.81,2025-08-28
649C9E57-F9CA-4974-BED0-21DFC93E3B8D,CC3674B1-D41D-4A34-8169-2B845D5BC95B,Plavix, Aspirin, Amoxicillin, Furosemide,41.76,2024-06-01
2D673817-84F5-49E9-BC3B-06CB6D6D9797,DE87BF08-30DF-46D9-8FC5-579FDC2024B2,Ibuprofen,52.03,2024-01-15
5BE351F7-5445-44C5-8D84-4A86755C0B0C,01395659-420C-4A66-AF78-5539AA6B9217,Metformin,18.2,2024-03-03
61A11331-EB9B-4EE1-8081-DEC2134930EC,CCE70004-901D-4B4B-9F50-CC0D05CE6489,Furosemide,81.84,2024-10-24
DED134C4-2EFE-40BB-AE9F-06D2A631D722,A2E845CA-4E32-44F4-873A-23AF44324DC0,Amoxicillin, Aspirin, Metformin,6.4,2025-07-30
FCC4E6DC-B736-486B-8B33-A2C0CE4EDCA4,5A588AD4-E80D-4BCF-87D8-E9484B144060,Amoxicillin,17.94,2025-09-11
2B7D9F72-546E-40EB-8EC4-57A5CD4EB7CB,B7CB5DA5-E87B-4B73-B80E-CF86F9601D27,Atorvastatin, Ibuprofen, Aspirin, Plavix, Metformin,58.48,2024-02-25
BD5AC7D8-DB6E-4233-9F09-D66690894F44,4A9F62B3-5F6F-4650-9057-C9D973144287,Furosemide, Plavix, Metformin,27.14,2024-06-02
7E69A8B4-2A81-4CBC-B222-5CE030D15A6A,D922E59D-5227-4C37-9A28-C2B86496ACC3,Metformin,80.67,2024-10-28
8ED1849D-61B9-4A47-A647-E38259CCBBDD,5E2B74C4-67FA-4CCD-8B28-9AA509EFD4EA,Plavix, Metformin,73.51,2025-08-26
27A8FE58-2700-4BDD-9571-A74568D4352E,F3C7F008-137A-4923-B518-B11C7008CD3B,Atorvastatin, Plavix, Metformin,89.8,2024-04-15
C76DB695-C066-406F-85F0-F8A1BD8CCB6E,000D5713-144C-4754-B586-EF2E665904BC,Furosemide, Amoxicillin,11.05,2025-12-04
8E4E057C-C10E-41CF-BC04-FB7BA99840EC,2F78CE37-8ADC-45C9-9A91-C530B026057C,Aspirin, Atorvastatin, Furosemide, Ibuprofen,54.4,2024-06-26
CF46F3DF-A496-4D9A-8805-EC1EDE2197C4,943F5EEA-9E96-4A33-AE04-00790ABB566B,Aspirin, Metformin, Atorvastatin,64.55,2024-01-05
690E2629-16A8-4389-8D44-0B758A23B91A,FE988EA9-0547-4636-9E7A-F503B232FA5C,Aspirin, Ibuprofen, Metformin, Furosemide,72.39,2024-01-09
BB2A52A2-431A-49F8-AF18-3E477645E5E1,0361E8D1-995F-4DE1-85BA-0C8DEFCD16A4,Metformin,51.86,2025-03-03
BDFDA76C-5CAC-4228-9D83-171A5C024639,9896DD60-5769-429B-80F8-00BE89C2EFCF,Aspirin, Metformin, Amoxicillin, Plavix,32.75,2024-09-27
90B0457C-31A9-4B68-9B85-735D0FFC9D6C,D5671D35-C79A-480E-B0AB-C22F78D5F1FE,Aspirin, Ibuprofen, Plavix, Amoxicillin,51.0,2024-01-25
7F73A20F-389A-47DF-8A1F-7A0788EAF9A7,7F2541E4-4905-4EE9-B622-71639FEBD182,Amoxicillin,34.17,2025-08-04
F000512D-8A54-4A93-8B64-8A410507C45C,27E7E357-34F3-4772-A7EA-379045DB1932,Amoxicillin, Furosemide, Aspirin, Ibuprofen,19.6,2025-10-11
444CFB8F-65BF-480A-A633-381A4BC2F438,3A562514-24C3-4FA2-AED4-C4274DDABA30,Atorvastatin, Aspirin, Plavix, Amoxicillin, Ibuprofen,88.09,2025-07-17
BE835B15-E39E-4179-AF82-67976E9642A4,77136AC1-90D0-40A6-A4A0-0BF6D584664E,Metformin, Atorvastatin, Plavix, Ibuprofen,26.84,2025-09-10
9E7647FD-BE65-4615-B1A3-52697868C5FE,4CFEB40E-F22F-460E-9A83-E03501AD2BF9,Aspirin, Atorvastatin, Furosemide, Plavix,29.92,2025-12-12
77365071-0B13-4C9D-B866-3664D6974DF7,5FD8AE69-7D6B-4E14-B293-F0FAD25FFA1F,Aspirin, Furosemide, Plavix,89.77,2025-09-20
76CAD8A7-AC7E-46EF-B5F4-F09F54C60A52,3355F923-EF6F-4CD9-9476-CBDFC6B98ACB,Amoxicillin,8.59,2024-03-16
C105B5AA-6A9A-453B-BEE5-0C6E7CDE01A2,3C251C4F-49AB-4356-8B4D-DBEE519C0D0F,Amoxicillin, Aspirin, Metformin,97.37,2025-01-25
7052FFDF-A967-4B08-9BFA-393F23B2304C,D3BE9345-AE91-483E-B4E9-0AAC07ADC5DD,Ibuprofen, Amoxicillin, Plavix,37.93,2024-10-22
4AC66472-81E8-4803-A770-22D828800645,75796101-333D-49CB-B6E9-D90FC8B20C46,Plavix, Furosemide, Aspirin, Metformin, Ibuprofen,17.37,2024-12-06
A4614AAF-1AFF-4611-8703-5D15370D8177,9C4988BE-020F-447D-B65B-84D3E72355A6,Aspirin,32.24,2025-06-15
C8742B48-61AD-47C2-854B-351F6A7F0A8D,898AD918-EC96-473B-A43E-A2F0AED59C92,Plavix,5.24,2024-01-13
98B0A108-9BDC-47CC-BEFF-C3E3A34AD50F,17499362-E69A-42D9-907A-4315857010FA,Atorvastatin, Metformin, Plavix, Aspirin,92.97,2024-07-19
6FF5B59B-CC48-4C50-AC6F-F9074A500672,383A16AF-143E-4B24-AC51-2C162FA370BF,Ibuprofen, Plavix,28.09,2025-03-29
E2DE21FA-6E69-407A-AF66-97F880EBE23E,9EE23396-D6E3-40EA-B73A-907EB0B9C58F,Atorvastatin, Ibuprofen, Plavix, Furosemide,97.95,2024-03-07
0C5D5672-56A1-4EC3-9C78-536D3416D298,DEE5A6F2-4DC9-4C5B-9630-5497D4A91D4E,Amoxicillin, Furosemide,81.26,2024-03-08
2CEBA5C5-6423-4FD2-B6D0-B526CF8FA08A,6FB55D50-AAB3-4CB8-9FDD-89D5D930D28E,Aspirin, Plavix, Furosemide,7.14,2025-10-25
7933DD58-A664-4B80-95B0-2F897876FB55,632007D3-1CC1-404B-9A08-A86C4148C2FB,Plavix, Amoxicillin, Ibuprofen, Atorvastatin,37.73,2024-04-17
E986E14A-CA4D-49DA-AF49-0CC21124F06A,04AC71EE-5B33-426A-BAF8-0649A13113DF,Amoxicillin, Furosemide, Ibuprofen,99.35,2024-12-14
A169C5A8-A95E-49B4-A84C-56D9A5AEC0D0,A27CB788-CB4B-4AF6-BAD4-40FBC16B7110,Furosemide, Atorvastatin, Plavix, Amoxicillin, Ibuprofen,78.89,2025-12-23
80E8E013-A205-44AA-86C5-8C7ECFC87351,DB966FDB-7CCB-4622-8F7F-B02B2F12D7F1,Aspirin, Atorvastatin,82.96,2025-10-19
8C0D2C63-5B98-4B2E-A2BF-1C8A5C7C043E,3DC3A771-63B7-4421-85BF-D7959DC41E54,Plavix,65.74,2024-05-02
6695F6A9-8207-486D-9DFB-59102AD0300D,4DACDDAF-3141-45A7-BC93-097E82053636,Furosemide, Plavix,11.84,2024-08-15
90A98DE3-F38A-4F52-8197-72588DDF7F3B,BAB5F2E0-028F-4613-967A-75FB1AEAF94E,Ibuprofen, Furosemide, Aspirin, Plavix, Metformin,75.04,2025-07-24
95FAEB38-8DBB-4FC8-9F5A-06389DEBD9D0,612F3135-6D79-4DF5-9EFD-12A59F0ABF4C,Furosemide, Metformin,42.58,2024-10-15
89A795FC-6E1D-4699-BB10-6C1C9EAFE592,AAEA883B-F1FF-4671-B02C-D4D10AEFDFCA,Amoxicillin,79.34,2024-09-28
82392346-24AE-483F-B377-9E3437142726,43698AEF-C4D1-4C0E-B867-A027E06FDD5F,Ibuprofen, Metformin, Atorvastatin, Amoxicillin,53.71,2025-02-11
1D6775B1-D11E-4F0B-A65E-FA3D2725306F,C9559003-ADBC-419A-860F-AED77A123C60,Amoxicillin, Furosemide, Plavix, Atorvastatin,98.51,2024-10-23
5ECBCF52-92BD-45E7-8BAA-07B8E061D68A,88BE3B38-B827-4AAE-8392-564F03C59D94,Metformin, Amoxicillin, Furosemide,13.04,2025-10-10
D669CED5-BBB7-41C4-8647-C3A1868817A9,0293BEDA-CFE9-41CD-81CB-B74ECAE42410,Furosemide, Plavix, Atorvastatin, Metformin,27.01,2025-11-17
E5296DCA-B0A3-48A4-8601-C656A1233467,4B457F8F-CA64-4534-9908-7477B7ECBABA,Plavix,20.44,2024-02-10
9E0FCE97-F02B-49EE-8EEE-60F774764B7D,BDD17123-76E7-43A6-BEF3-697CB5956016,Metformin,1.03,2024-02-28
A5BDF282-6224-40ED-9741-173E78476779,037DAAB4-79F0-4FC0-BCB7-83B65F3F5CC0,Plavix, Atorvastatin, Ibuprofen,99.18,2024-12-10
7C883873-019E-4B2D-BA7E-9BC7A99866A1,334353EB-2234-49B0-A52F-3C7FFE4C1123,Aspirin, Atorvastatin, Furosemide,55.42,2024-06-14
66DE8EB7-46C4-4E66-B833-C91DE8159522,609DC2C6-5124-4411-A073-4E52C3F63857,Amoxicillin, Aspirin,67.13,2024-03-11
894B69D3-4061-4E7E-BAA8-D7E5837498CE,5C250146-E9A8-4E60-9E1C-35AB77C24EE2,Atorvastatin, Ibuprofen, Plavix,31.73,2024-04-18
99D17103-2AB0-4B02-8ECE-D58959DE4282,7D282939-C81D-4BF0-B2C7-709396C9B1F3,Ibuprofen, Furosemide,37.83,2024-06-09
28F9C34A-00C3-42B2-9832-BE7A32497190,00059D94-BA39-48B7-B45C-6EF27E21B328,Ibuprofen,54.02,2024-04-23
ECAFE609-B559-4877-BA0D-4E87A4EA3791,B1902296-DECB-43E3-80A9-22A335848F5C,Ibuprofen,55.36,2024-08-19
0D7AF660-46F2-48AE-ACC5-C29164C45702,73559D7B-EF10-455E-B46E-31FBDB7EBD79,Ibuprofen, Metformin, Aspirin, Plavix,96.06,2025-11-06
632A3C56-92C9-4806-8604-E93BB62064D3,03CF7C71-5F33-4DAB-A8EB-DA7881B716EB,Plavix, Atorvastatin, Furosemide,19.66,2024-01-17
828265F2-5C1C-41AE-B4BA-A2BE348FA035,81294167-A7FF-42F8-8646-1C971A880A3A,Aspirin,87.27,2024-06-10
9C2BC993-BBC9-456E-AF8C-99946DA72FA7,D7239619-1683-4162-B35B-6378D6082C6E,Plavix, Aspirin, Amoxicillin,32.04,2025-03-22
CA3FEC99-F26C-43FE-8F63-EDD8269F8677,01709D96-442B-47C5-9706-DF4427AA0AB4,Plavix, Atorvastatin, Furosemide, Amoxicillin,52.82,2025-05-21
ECE645A1-5B4B-4343-93D6-7FAA7DCFFC0C,D4310693-0354-44ED-89D4-5A0C45242457,Amoxicillin, Furosemide,22.27,2025-10-18
D497B880-41D1-4DA7-9965-316C28DD2EAD,7C65BF0E-F024-459A-BD39-F8913702FDF9,Plavix,39.86,2024-06-07
BFA69F14-D117-4BF6-8C85-541DA4AF06FE,2A6BF818-BD90-438C-9723-A865A3F180B8,Furosemide, Metformin,72.81,2024-02-21
0849A7A6-EEE0-4971-B32F-BC50109FF649,AA3B71F3-4BC7-4B75-AC01-56186E647863,Furosemide, Metformin, Aspirin, Atorvastatin, Ibuprofen,76.6,2024-06-29
CB668B94-1A7A-4E8A-8D54-E1A1E00FBE02,9239E16B-2C0E-4571-BE57-C62F08AFEC71,Ibuprofen, Metformin, Furosemide, Amoxicillin,83.56,2025-11-11
27D9ECEA-AF36-48B0-92E1-920DD7260201,9DA1966D-960C-4D10-8537-644BC172FE96,Amoxicillin, Furosemide, Metformin, Plavix, Atorvastatin,87.48,2025-09-11
3CE795EA-24F9-40D4-B783-BD17EA4A7DDE,112BEA0C-A491-424C-9D24-5F4523CC9959,Metformin, Ibuprofen, Furosemide, Aspirin, Atorvastatin,23.25,2025-10-27
84DCCDD5-6EB9-4B3B-8A40-4BD474FDDCB0,8CEED50A-0919-4DC9-9585-F7C3A5E51733,Furosemide, Aspirin,83.12,2024-02-18
9979A12E-8A21-4327-9E43-87C68423E6EA,7FA3D260-C566-4D1F-AF79-3D359759DBD4,Amoxicillin, Atorvastatin,55.59,2024-03-22
DFF63C92-4EAC-41DD-B144-06C28A82F4D5,A672FBBA-30D6-450D-A9AF-8E2DF4DDE4BD,Aspirin, Ibuprofen, Amoxicillin, Metformin, Furosemide,82.7,2025-03-15
4B1F4E79-1F5E-4C65-8EAA-99D112DEDB20,19D7BAEE-CE46-4D92-93ED-7D8839B467CC,Plavix, Ibuprofen, Furosemide,64.19,2025-11-01
608CD84F-D5A8-499C-8028-D025D5B6A969,C24E7587-22D7-4CCC-93F8-0595657CBEB7,Plavix,73.66,2024-03-05
EF2036AD-511B-4EAA-86E7-1036CA8E41D4,6C7D676B-8331-4C10-8B3F-CBCB094E6F78,Metformin, Ibuprofen, Plavix, Atorvastatin, Furosemide,48.69,2025-10-30
B4E7F937-007A-47BE-ABFA-5C01A97EA219,2E1D9E5E-C190-41A2-8BAE-642A70B2A757,Atorvastatin, Metformin, Furosemide,24.32,2024-01-09
8EBE4616-A781-4C9E-AC78-F03886FABCB9,E32913C7-32E6-4374-B75C-D0BB1EE13C1B,Aspirin,13.13,2025-07-15
000E0CAF-B119-4A33-917F-DFE6A8786672,FDFDDEE9-4F50-4EC3-B5A7-1E2D888CE06B,Plavix, Amoxicillin, Metformin, Aspirin, Ibuprofen,58.63,2024-05-14
9AFBEA4A-2CD1-4D2B-B85F-89B7C5966CC0,DDB6FB25-EBA4-4962-8D01-13CA187EA65E,Ibuprofen, Amoxicillin, Plavix, Aspirin,7.18,2024-08-31
DF82D345-1A8E-47AB-B151-24BA55B49F7C,89241A27-27CB-47B0-889E-FE072EA79621,Ibuprofen, Metformin, Furosemide, Amoxicillin, Aspirin,96.15,2025-10-30
780FB921-6F00-452B-89CB-4821369969D3,DB429726-3BB1-46A0-8C3F-A2F3952078BE,Atorvastatin, Furosemide,56.97,2025-10-31
FC9379CD-3F57-47E3-9B1E-97FF16536A5C,6D368185-FDB7-401C-9F57-8110EBAA1E74,Furosemide,36.35,2025-04-29
EB082A61-7C8E-45BE-8C14-7541814BDA6B,6D3BECFA-9E23-43EC-8A0E-8470198D189B,Plavix, Metformin,95.16,2024-11-23
C1524A45-4995-4CD6-980B-6C26199FDC61,7C190EE5-14B8-4B83-9851-2B657B8A31AC,Atorvastatin, Amoxicillin, Furosemide, Aspirin,62.45,2025-01-16
3583293F-912D-4B3B-961B-A9BCBFEEA835,925C8A24-268C-48F4-B125-023EFB215D8D,Metformin, Amoxicillin, Furosemide, Plavix,5.22,2025-10-14
4C1F013A-125F-480E-BD7F-CFF9D70F6DD9,7AF6E394-F630-4D56-82C1-743BB50217E8,Amoxicillin, Metformin,75.93,2025-09-10
2C2992F8-7E7E-4BCC-91AD-EDAE73C9F7F5,67514D48-DD7F-4F3B-82D8-3EB3761117B6,Metformin, Aspirin, Ibuprofen, Plavix,70.82,2024-04-08
A00CBB7B-E3A0-4778-9CF9-AFE1CF0FBC14,5DC62875-5E3E-404C-9740-40CB3B50FEB4,Plavix, Metformin,84.11,2024-11-22
D671083B-90AD-4955-B948-D98D512C9798,0E6BD45B-6D90-4779-A5E5-4DA5EEC2C522,Metformin, Atorvastatin, Ibuprofen, Amoxicillin,59.87,2025-11-11
706E813F-19C6-4F60-9B83-220438520A67,891ADF59-FCBE-4CED-AA9C-CC411DCAE1EA,Aspirin, Atorvastatin,96.86,2025-08-13
FC55776C-DB55-4930-B2DA-EE7EB93788C1,6442B8A7-536D-41D1-8ACB-4C03794946D0,Metformin, Ibuprofen, Plavix,58.43,2024-12-21
167DCA70-77B1-410F-842E-B525ED99DB17,9D96FA5C-DADA-489C-8F98-16B3A6BC720C,Metformin, Furosemide,73.16,2024-05-27
18E9256C-A750-4A07-A7D3-4635030C2A1D,F60A75C0-CCF1-4FD7-884A-D2C46139000B,Furosemide,48.05,2025-04-28
A6EE7C2F-BC95-4162-B493-08303BCE239A,788E9254-970F-4EB2-B609-1958463FA670,Plavix, Amoxicillin, Furosemide, Metformin,52.79,2025-01-02
9B8A42E4-4F5F-4B33-8964-22D08A873879,A94E0ACE-1F76-482E-A694-1DF9F37F9454,Plavix, Aspirin, Ibuprofen, Metformin,11.75,2025-03-13
B37C63D5-6B17-41BC-84D9-49482651DE4E,BE75F84E-14B9-47D0-A1FB-22692528A31C,Furosemide, Aspirin,67.14,2024-04-30
93071A17-0ED5-492C-929B-AFF52BF92504,97E87354-89D4-4AFE-A186-EF36E05C167C,Amoxicillin, Ibuprofen, Atorvastatin,83.8,2024-12-22
C6BD77E0-A9D7-401D-8B65-154286A6E197,713C453A-AAAA-4909-B71C-FD537AD63EAE,Aspirin, Amoxicillin, Plavix, Ibuprofen, Metformin,59.44,2024-12-15
8F4E67B5-DA87-4AC9-8E04-307E9D8027F5,DC426E93-FE0E-4983-94D7-5949B9B6AB8B,Amoxicillin, Aspirin, Metformin, Atorvastatin, Furosemide,33.98,2025-05-13
927AD758-4A2B-45C2-B1CB-48E29EC9F76E,3C3EAEFD-8546-43FE-9AAF-5F1F998254B6,Ibuprofen,96.66,2024-03-28
8DCAED12-FDCC-4E6B-B321-753B2B5561A1,174BFBA4-A7CD-4227-B37F-172E88F1857A,Amoxicillin, Furosemide, Plavix, Aspirin, Metformin,75.8,2025-07-28
9DB3E74C-29E6-4BAF-9019-5662C9F4BA4A,8443D43D-25C0-44E9-B083-7D85ABFBA8C2,Metformin, Ibuprofen,43.1,2024-09-20
75CA04A0-4B30-414A-A359-2597727D3115,1BC7BF67-C700-4E29-9B59-1FED8309F237,Furosemide, Aspirin, Atorvastatin, Amoxicillin, Ibuprofen,98.8,2025-05-17
07E4C198-E35E-474E-916F-9C1CDB0FE35A,1C206C83-8BE0-4718-837D-581EE0BCF8F1,Amoxicillin, Ibuprofen,20.48,2024-06-09
BB28CDDE-8B09-487E-8A2E-709ED0F486CA,72A2CEA6-44E3-43F7-8BAF-BD9CA48AF668,Metformin, Amoxicillin, Atorvastatin,21.22,2025-08-24
06E6CDA8-41B2-4944-BCBA-7DEDCBE20DCB,3CF55EFC-383F-4BCE-B7E4-FF970A334ABB,Metformin, Furosemide, Plavix, Aspirin, Ibuprofen,40.31,2024-08-30
BE6DBD5D-CCE6-4379-BE4C-6270F434F495,BC9BDA28-97E0-4CA3-AE57-1A3AAB360CE4,Plavix, Ibuprofen, Furosemide, Amoxicillin, Aspirin,93.83,2024-05-23
29C814F6-7B0F-499A-9223-1A346798B073,24953628-0661-47E9-A2EB-8301A6EB7DC4,Atorvastatin, Metformin,34.26,2024-02-05
7001A36E-3CB4-4F6B-BE36-A8376ACA4905,B9763F72-550B-4BF7-8535-E18ACD6ECA23,Aspirin, Plavix, Ibuprofen, Metformin,42.44,2024-05-05
38093E44-3C4F-46FB-BE2E-1241647D75EF,18074170-9075-4B2F-8039-D92556BE4AC3,Amoxicillin, Metformin, Ibuprofen, Furosemide,50.73,2025-02-14
B672F938-5A6A-4A8A-979C-5605D09BA661,B8EF3075-4619-449A-8287-35779A10AC59,Amoxicillin, Furosemide, Aspirin, Metformin, Atorvastatin,97.23,2024-07-16
A4431E01-6E1E-4169-9AAE-B53B57D45582,92AC1F41-2877-45E3-BA66-3E23E3BBFDF6,Plavix, Metformin, Amoxicillin, Aspirin,85.34,2025-03-20
6C71EBD6-0E24-4F30-9DB1-DB818DA31D14,92863391-4220-4742-B394-F4C0661868C1,Amoxicillin, Aspirin, Atorvastatin,24.75,2024-09-21
3A9CA13B-CFC9-481C-9308-F3AB3C0AD906,245EA3E5-50E4-4A82-81AD-C4632DD79F87,Aspirin,68.77,2025-10-06
7E71B15E-23DD-4776-BC98-796447799BB5,28B86CCC-57FF-4836-8D36-3EEC35AE19F3,Ibuprofen,88.53,2024-12-24
65EAEEDF-2F07-4CD0-80BF-D1D371EE388F,7CFB007E-D3B4-435A-892A-EE8B50A87269,Furosemide, Atorvastatin, Aspirin, Amoxicillin,50.66,2024-05-14
A0F9506C-E322-4412-BC61-C069D4BD873F,E9AD7BFB-5EEC-4F07-B9C0-BA1DC2E128BD,Ibuprofen,15.41,2025-11-26
1D320B65-E5EA-437F-A10F-B19F58F78D8A,159CC509-CC88-4E55-8EA9-D0A2D945E8B4,Ibuprofen, Amoxicillin, Furosemide, Plavix, Metformin,85.28,2025-06-11
E5130139-C5AB-4DEF-88EF-5D2CC22BE207,12D61D87-1640-4632-8994-7DDCC4C5058B,Metformin, Amoxicillin, Plavix,62.5,2024-04-25
5B8A0E98-1DD4-4E35-B83D-A46BE45577E5,9AC56A64-C275-4FEC-82F1-1586FCDE2510,Amoxicillin, Ibuprofen, Furosemide,77.84,2024-09-29
47D0776D-983A-44AA-9A08-A63D69382BC7,3CB474A6-CD4B-416C-812F-F070A00F734F,Ibuprofen, Plavix, Amoxicillin, Aspirin, Atorvastatin,10.06,2024-05-25
4B37271B-1017-4F52-BB0E-738EB3355C99,EDBEA8C1-9F39-402C-BAB7-CD6468D1A2B4,Amoxicillin, Atorvastatin, Metformin,93.27,2024-06-30
9F25903A-3E4D-418C-BF7F-63F782FE4B8E,92CE730B-D48A-4D24-9DBB-242321CB1660,Aspirin,89.19,2025-07-23
2F2DB58A-0D53-420B-B203-E6DE351F4F88,046C08AD-0935-42B2-B3FE-D7270D0D8314,Ibuprofen, Metformin, Atorvastatin, Aspirin,17.4,2025-05-18
602370BC-8BED-4025-BD4A-A94B6C7D0116,9499A2C5-F58F-41AF-AD30-7DC2B5973B0F,Aspirin, Metformin, Furosemide,79.2,2024-10-09
F4FAEAC6-4B81-42BD-A1F8-51C2B79E0580,17080514-432C-40A2-91BC-5A10C59983F7,Atorvastatin,80.18,2025-09-01
150AAF5B-65B8-4769-97E2-F361C60093B2,435B811A-3E23-4502-A0E4-B6ED652635B1,Ibuprofen, Furosemide, Atorvastatin,56.73,2025-04-03
3E66891C-DEDC-40D4-B862-42269A993568,C05DD579-D3C1-48A7-8845-78221CF3D068,Amoxicillin,77.04,2025-09-20
B18777E2-28F3-415C-BA0B-2352751D9FB6,33B98DD1-3EC0-410F-A406-E5E52C7BA046,Furosemide, Atorvastatin, Ibuprofen,6.92,2024-09-28
701FDFBF-A370-4908-9AD2-7580A0605198,47543130-7F2A-4154-B5BA-226B3F6B4798,Aspirin, Atorvastatin,56.05,2024-08-20
A07199D9-23F0-417B-9EE3-EE1C0A90F732,DA3854AE-D59C-491E-A8E8-2417DAC5C0AE,Metformin, Aspirin, Amoxicillin, Atorvastatin, Furosemide,41.11,2024-04-20
F294AAEF-216B-46A0-8983-D1A7DA346897,BD2F2869-B336-45BF-ACBC-9D3E4DDCE7C0,Amoxicillin,65.93,2024-05-24
CD96B9CB-9677-4F59-B96D-FFC57B841515,9B47CC6A-7266-47B8-9B6E-6804D28E9D8D,Atorvastatin, Amoxicillin,13.15,2025-05-21
43027B69-96FA-451F-AD9C-E18D76F4E49E,20983EAF-5161-4E60-A98D-61E302181A6B,Amoxicillin, Furosemide, Aspirin, Plavix, Metformin,6.85,2024-09-10
E1F0229F-8DB5-4A3D-B5C9-A37B61014D42,20E5F0C7-7C96-4130-858D-53B67042B58D,Metformin, Furosemide, Aspirin, Plavix, Amoxicillin,79.94,2025-09-12
74EA42AB-CA36-4695-93CA-298D795DDA4B,3E8282C9-CD8B-4881-8E2D-739266CBF486,Amoxicillin,57.27,2024-04-15
DF8A2974-D6C7-442A-B6CD-DB1538F309A7,2A5691E8-C614-425F-B609-7F96A1A4D48C,Ibuprofen,26.27,2025-05-04
0D2E31C1-1FC5-4E75-BEB5-1537A72DE176,4CDC1E72-AC12-4048-BF83-678806A001CF,Aspirin, Plavix, Ibuprofen, Atorvastatin,90.01,2024-03-30
D5F5A11A-1DA6-41E5-AC62-9698C80AFD57,FF5F84AB-5A93-4E97-B38F-B674F2FE1594,Aspirin, Atorvastatin, Furosemide, Metformin, Plavix,39.93,2025-06-27
BC6B4069-1475-4DD3-8C8E-64EAA6B61D18,F42CBF9E-60CD-4027-80DF-63D73D6127CB,Metformin, Plavix,42.57,2025-09-19
7596B4CA-74E7-4B29-B7F0-734243027423,51186570-DEE2-4C5C-AB8E-DD82417791A8,Atorvastatin, Aspirin,35.88,2025-04-29
4ED9C5CB-BD0F-441D-82B3-73209652C0C7,C7C50424-5BD4-4EE1-958A-D49F147B225C,Atorvastatin, Ibuprofen, Metformin, Plavix,92.26,2024-02-21
C1F32C60-9440-4ECE-9265-20738BF8CC1B,5FEE2D96-15C8-4050-89D8-1B38CF7FAB21,Atorvastatin, Aspirin, Amoxicillin, Plavix,4.54,2025-02-19
8DA94109-D9C7-492E-B640-CF65684B877F,6C96564A-56C8-490B-9F2D-9570AC141C06,Amoxicillin, Aspirin, Atorvastatin, Furosemide, Ibuprofen,54.31,2025-07-20
A5CBC6C4-3C14-4EF6-BF54-7178B65BEE5D,209E03FD-D2D5-49F2-B185-748F1CED3A0C,Aspirin,79.82,2024-10-31
18BE09F6-43A5-4CCF-9640-4BC66596EB50,7EE2CBDE-A61E-450E-A543-5697FAC08B60,Amoxicillin, Atorvastatin,95.41,2024-08-01
DA558B25-A23E-4779-BBCC-D885DFDFAEF7,EA841DB9-FA4D-4B80-B914-CF29E44358CE,Ibuprofen,5.91,2024-12-03
0F587A9C-A27A-439B-9B80-D5DDA3B2852B,8154ABB9-FB87-4E4F-A8F2-8F0D1975ABCA,Metformin, Plavix,45.09,2024-05-18
6A2710F6-6A01-459A-A721-B9148012340A,1C434A62-8614-4CCB-83E8-45AF886C71A3,Amoxicillin, Furosemide,97.41,2024-08-31
93A8A230-4B67-43C9-A8AE-12FC26AAA4F2,3F96317E-B5D4-4E57-93F2-954B9D40CD88,Atorvastatin,33.87,2024-01-26
4F75FE3B-3B54-4817-B43D-C91DF4E6D868,33DF7AE3-7474-40E4-897C-CAC4960C276E,Plavix, Aspirin, Amoxicillin, Atorvastatin,55.08,2025-07-31
A6B5E231-2BEF-46BB-ACE3-05CDE4D6880E,1DEF6250-34DC-42A8-B2A6-D8FB97F4FB6B,Furosemide,11.71,2025-06-29
066E6012-4FA5-42F0-898D-D24E83695965,AD345BFE-94D1-47DF-81C0-CBDB432FE3DC,Atorvastatin,95.96,2024-12-08
880D2963-6F0A-4D5C-9E9D-22FAF90E8367,2DB78139-2A60-443A-ADB1-B9A0378DD726,Plavix, Metformin, Ibuprofen, Atorvastatin,51.2,2025-03-22
C9D9DFA1-3E81-4AB8-8199-3FD0970D2BB0,599261FF-40B3-45BB-A17A-E2720E0E5B4E,Plavix,51.49,2025-01-12
2C45EE55-0219-4F83-BF3F-702425D15158,0CBB028B-3780-4CDE-917B-FCB39081DEBF,Metformin, Furosemide,5.98,2024-07-10
1AADD8DC-AB5F-4757-BB29-48D8B086A1F0,D11BEC37-8CBE-49BE-A70C-AE13363C7A69,Amoxicillin, Ibuprofen,26.76,2025-08-17
E025EDE0-0777-4E87-B3F8-3C0556EBEEF9,B77386E3-67DF-43EA-B785-ACE1C58CBCFC,Plavix,91.14,2024-08-06
D7C6316B-57D5-4789-A430-19CAD605F5BE,0E911AC2-E102-45D5-B396-A5EFC6DB166D,Plavix, Furosemide, Atorvastatin,54.77,2024-07-17
39AA3BE1-A67F-4E2F-90F3-F87A6B176DA9,AB16A543-9105-4B36-9CE0-C7B88D03A88B,Atorvastatin, Aspirin, Amoxicillin, Plavix, Metformin,75.55,2024-05-01
CE7DC3A4-539D-4C09-A1DC-3C6A321275CA,37C395CA-2157-4755-BE2C-1559F7CA5CA4,Amoxicillin, Furosemide, Aspirin, Atorvastatin, Plavix,83.09,2025-04-24
FF4FDF16-7BC6-4FBD-84DF-1118E7B7456B,C0954EE6-CA0E-4B26-B499-A57041150464,Amoxicillin, Furosemide, Aspirin, Atorvastatin,47.42,2024-11-30
1F16A2B8-ED89-4655-A356-1E47FA59EB63,C2E5D0E1-5E35-436A-801D-B2C22585C9E9,Amoxicillin, Aspirin, Atorvastatin, Ibuprofen, Plavix,98.91,2025-04-08
52AB7014-359A-4422-9EC6-4A0FDB917A78,EDE1F4F0-C5C7-4687-BE9B-1E316690419B,Metformin, Atorvastatin, Amoxicillin,84.77,2025-08-21
444D98B7-C2E3-46D9-A345-85B373B26B4D,54DDFFEA-C721-41EE-B615-79754F6BA0D3,Metformin, Ibuprofen, Atorvastatin, Plavix,12.11,2024-08-16
39C7B671-A57B-44E0-89F8-CFDD4DDE0EEA,D5023FAD-1D1D-4E9D-B31B-9AF208F8BA24,Atorvastatin, Plavix, Aspirin, Ibuprofen,53.56,2024-01-30
ADA9E671-3B09-4449-9460-BC222D9EC945,43C56118-4BA4-402C-9593-91B48CF6411C,Metformin, Ibuprofen, Furosemide, Atorvastatin, Aspirin,51.41,2024-01-10
EDEEB677-1FD0-4762-92DD-A071D22FBD7A,379C3DE8-8E39-4DC4-A75D-7EBE42DE7517,Ibuprofen, Atorvastatin, Aspirin, Metformin, Plavix,41.85,2024-01-11
306381ED-C2AA-4B3F-B7CD-BE6C1E5B0348,BB77EEC6-C22D-409D-B8CA-5448786AEDF9,Amoxicillin,55.65,2024-06-16
434941C1-A320-41E3-8D8E-E30FCA54CAE0,AE736765-3D30-4A8B-8CBE-BE5CD1534E37,Furosemide, Amoxicillin,52.91,2024-12-21
46350885-5BA7-4637-9DE7-2153E2FA40FA,E537B68F-CEE7-4481-96C3-4C3A01F1B6D2,Atorvastatin,39.72,2025-06-13
D09DAB79-AD79-47C2-8632-CAF2B69C257A,C86E1C66-8AE7-4F75-946C-B8BC434403B8,Atorvastatin,30.54,2025-08-01
ECAF0094-1186-4EB9-B715-0E0BC11EBD18,E1876D9F-963C-4E14-8FDF-A1ADCB25E37E,Atorvastatin, Furosemide, Ibuprofen, Amoxicillin,50.23,2024-03-15
